0,0,200,400,700,1100,1600,2200,2900,3700,4600,5600,0,0,0,0,10000,0,20,19,30,10,10,19001,0,-1,-1,0,0,0,0,0,0,0,0,0,0,0,0,0,0,0,0,0,0,0,0,0,0,-1,20,80,0,0,0,0,0,0,			//ネコ
1,0,400,700,1600,2800,4300,6100,8200,10600,13300,16300,0,0,1,0,12000,0,20,19,30,10,10,19002,0,-1,-1,0,0,0,0,0,0,0,0,0,0,0,0,0,0,0,0,0,0,0,0,0,0,-1,20,80,0,0,0,0,0,0,			//タンクネコ
3,0,600,900,1800,3000,4500,6300,8400,10800,13500,16500,0,0,2,0,14000,0,20,19,30,10,10,19003,0,-1,-1,0,0,0,0,0,0,0,0,0,0,0,0,0,0,0,0,0,0,0,0,0,0,-1,20,80,0,0,0,0,0,0,			//バトルネコ
6,0,700,1300,2200,3400,4900,6700,8800,11200,13900,16900,0,0,3,0,16000,0,20,19,30,10,10,19004,0,-1,-1,0,0,0,0,0,0,0,0,0,0,0,0,0,0,0,0,0,0,0,0,0,0,-1,20,80,0,0,0,0,0,0,			//キモネコ
9,4000,800,1500,2400,3600,5100,6900,9000,11400,14100,17100,0,0,4,0,16000,0,20,19,30,10,10,19005,0,-1,-1,0,0,0,0,0,0,0,0,0,0,0,0,0,0,0,0,0,0,0,0,0,0,-1,20,80,0,0,0,0,0,0,			//ウシネコ
12,5000,900,2000,3200,4800,6800,9200,12000,15200,18800,22800,0,0,5,0,17000,0,20,19,30,10,10,19006,0,-1,-1,0,0,0,0,0,0,0,0,0,0,0,0,0,0,0,0,0,0,0,0,0,0,-1,20,80,0,0,0,0,0,0,			//ネコノトリ
16,6000,1300,2500,4000,6000,8500,11500,15000,19000,23500,28500,0,0,6,0,18000,0,20,19,30,10,10,19007,0,-1,-1,0,0,0,0,0,0,0,0,0,0,0,0,0,0,0,0,0,0,0,0,0,0,-1,20,80,0,0,0,0,0,0,			//ネコフィッシュ
20,7000,1800,3000,4800,7200,10200,13800,18000,22800,28200,34200,0,0,7,0,20000,0,20,19,30,10,10,19008,0,-1,-1,0,0,0,0,0,0,0,0,0,0,0,0,0,0,0,0,0,0,0,0,0,0,-1,20,80,0,0,0,0,0,0,			//ネコトカゲ
24,8000,2000,3500,6200,9800,14300,19700,26000,33200,41300,50300,0,0,8,0,24000,0,20,19,30,10,10,19009,0,-1,-1,0,0,0,0,0,0,0,0,0,0,0,0,0,0,0,0,0,0,0,0,0,0,-1,20,80,0,0,0,0,0,0,			//巨神ネコ
7,150,800,1600,3100,5100,7600,10600,14100,18100,22600,27600,1,1,1009,1,999,3,20,0,-1,10,10,10010,0,-1,-1,0,0,0,0,0,0,0,0,0,0,0,0,0,0,0,0,0,0,0,0,0,0,30,50,0,0,0,0,0,2,0,			//ネコ女優
36,240,500,1500,5100,9900,15900,23100,31500,41100,51900,63900,1,1,1008,0,999,3,20,0,-1,10,10,10011,0,-1,-1,0,0,0,0,0,0,0,0,0,0,0,0,0,0,0,0,0,0,0,0,0,0,30,50,0,0,0,0,0,2,0,			//カンフーにゃんこ
11,160,900,1500,3900,7100,11100,15900,21500,27900,35100,43100,1,1,1013,1,999,3,20,0,-1,10,10,10012,0,-1,-1,0,0,0,0,0,0,0,0,0,0,0,0,0,0,0,0,0,0,0,0,0,0,30,50,0,0,0,0,0,2,0,			//Mr.
29,150,300,700,2200,4200,6700,9700,13200,17200,21700,26700,1,1,1006,0,999,3,20,0,-1,10,10,10013,0,-1,-1,0,0,0,0,0,0,0,0,0,0,0,0,0,0,0,0,0,0,0,0,0,0,30,50,0,0,0,0,0,2,0,			//猫縛り
32,150,300,700,2500,4900,7900,11500,15700,20500,25900,31900,1,1,1007,0,999,3,20,0,-1,10,10,10014,0,-1,-1,0,0,0,0,0,0,0,0,0,0,0,0,0,0,0,0,0,0,0,0,0,0,30,50,0,0,0,0,0,2,0,			//女王猫
20,90,2500,3000,3900,5100,6600,8400,10500,12900,15600,18600,1,1,1004,0,999,3,20,0,-1,10,10,10015,0,-1,-1,0,0,0,0,0,0,0,0,0,0,0,0,0,0,0,0,0,0,0,0,0,0,30,50,0,0,0,0,0,2,0,			//ネコの箱詰め
35,90,700,1300,2800,4800,7300,10300,13800,17800,22300,27300,1,1,1012,1,999,3,20,0,-1,10,10,10016,0,-1,-1,0,0,0,0,0,0,0,0,0,0,0,0,0,0,0,0,0,0,0,0,0,0,30,50,0,0,0,0,0,2,0,			//ネコパンツ
0,0,50,100,3100,7100,12100,18100,25100,33100,42100,52100,0,1,1014,0,999,3,20,0,-1,10,10,0,0,-1,-1,0,0,0,0,0,0,0,0,0,0,0,0,0,0,0,0,0,0,0,0,0,0,30,50,0,0,0,0,0,2,0,			//もねこ
0,0,100,300,1500,3100,5100,7500,10300,13500,17100,21100,0,1,1010,0,999,3,20,0,-1,10,10,10018,0,-1,-1,0,0,0,0,0,0,0,0,0,0,0,0,0,0,0,0,0,0,0,0,0,0,30,50,0,0,0,0,0,2,0,			//ネコリンリン
6,50,300,500,1400,2600,4100,5900,8000,10400,13100,16100,1,1,1000,0,999,3,20,0,-1,10,10,10019,0,-1,-1,0,0,0,0,0,0,0,0,0,0,0,0,0,0,0,0,0,0,0,0,0,0,30,50,0,0,0,0,0,2,0,			//ネコ忍者
16,120,600,1200,2700,4700,7200,10200,13700,17700,22200,27200,1,1,1003,0,999,3,20,0,-1,10,10,10020,0,-1,-1,0,0,0,0,0,0,0,0,0,0,0,0,0,0,0,0,0,0,0,0,0,0,30,50,0,0,0,0,0,2,0,			//ネコゾンビ
12,90,500,900,1800,3000,4500,6300,8400,10800,13500,16500,1,1,1002,0,999,3,20,0,-1,10,10,10021,0,-1,-1,0,0,0,0,0,0,0,0,0,0,0,0,0,0,0,0,0,0,0,0,0,0,30,50,0,0,0,0,0,2,0,			//ネコざむらい
9,150,400,600,1500,2700,4200,6000,8100,10500,13200,16200,1,1,1001,0,999,3,20,0,-1,10,10,10022,0,-1,-1,0,0,0,0,0,0,0,0,0,0,0,0,0,0,0,0,0,0,0,0,0,0,30,50,0,0,0,0,0,2,0,			//スモウネコ
24,90,200,400,1000,1800,2800,4000,5400,7000,8800,10800,1,1,1005,0,999,3,20,0,-1,10,10,10023,0,-1,-1,0,0,0,0,0,0,0,0,0,0,0,0,0,0,0,0,0,0,0,0,0,0,30,50,0,0,0,0,0,2,0,			//ネコフィーバー
23,90,700,1300,2800,4800,7300,10300,13800,17800,22300,27300,1,1,1011,1,999,3,20,0,-1,10,10,10024,0,-1,-1,0,0,0,0,0,0,0,0,0,0,0,0,0,0,0,0,0,0,0,0,0,0,30,50,0,0,0,0,0,2,0,			//ネコスカート
48,0,5000,8000,12200,17800,24800,33200,43000,54200,66800,80800,0,1,1930,1,999,3,20,0,-1,10,10,18025,0,-1,-1,0,0,0,0,0,0,0,0,0,0,0,0,0,0,0,0,0,0,0,0,0,0,30,40,0,0,0,0,0,2,0,			//ネコヴァルキリー
48,0,8000,10000,16000,24000,34000,46000,60000,76000,94000,114000,0,1,1931,2,999,3,20,0,-1,10,10,18026,0,-1,-1,0,0,0,0,0,0,0,0,0,0,0,0,0,0,0,0,0,0,0,0,0,0,30,40,0,0,0,0,0,2,0,			//ネコムート
0,0,9000,13000,17000,21000,24000,27000,30000,35000,40000,50000,0,1,1100,0,999,3,20,0,-1,10,10,0,0,-1,-1,0,0,0,0,0,0,0,0,0,0,0,0,0,0,0,0,0,0,0,0,0,0,30,50,0,0,0,0,0,2,-1,			//ケリ姫
0,0,9000,13000,17000,21000,24000,27000,30000,35000,40000,50000,0,1,1101,0,999,3,20,0,-1,10,10,0,0,-1,-1,0,0,0,0,0,0,0,0,0,0,0,0,0,0,0,0,0,0,0,0,0,0,30,50,0,0,0,0,0,2,-1,			//ネコひめ
0,0,2500,3000,3900,5100,6600,8400,10500,12900,15600,18600,0,1,1105,0,999,1,20,0,-1,10,10,0,0,-1,-1,0,0,0,0,0,0,0,0,0,0,0,0,0,0,0,0,0,0,0,0,0,0,30,50,0,0,0,0,0,2,1,			//ネコカプセル
0,0,1300,2500,4000,6000,8500,11500,15000,19000,23500,28500,0,1,1110,0,999,1,20,0,-1,10,10,0,0,-1,-1,0,0,0,0,0,0,0,0,0,0,0,0,0,0,0,0,0,0,0,0,0,0,30,50,0,0,0,0,0,2,-1,			//マスクオブネコ
0,0,6250,8200,12400,17800,24800,42400,64500,93000,148000,298000,2,3,3106,0,478000,2,20,9,-1,10,10,15031,0,30,-1,500000,38,4,35,2,37,1,39,1,40,1,0,0,0,0,0,0,0,0,0,0,0,30,50,70,0,0,0,0,2,0,			//ネコぼさつ
0,0,6250,8200,12400,17800,24800,42400,64500,93000,148000,298000,2,3,3105,0,478000,2,20,9,-1,10,10,0,0,-1,-1,0,0,0,0,0,0,0,0,0,0,0,0,0,0,0,0,0,0,0,0,0,0,30,50,70,0,0,0,0,2,0,			//ネコ番長
0,0,6250,8200,12400,17800,24800,42400,64500,93000,148000,298000,2,3,3000,0,478000,2,20,9,-1,10,10,15033,0,30,-1,500000,35,2,36,4,37,1,39,1,40,1,0,0,0,0,0,0,0,0,0,0,0,30,50,70,0,0,0,0,2,0,			//ネコザイル
0,0,6250,8200,12400,17800,24800,42400,64500,93000,148000,298000,2,3,3101,0,478000,2,20,9,-1,10,10,15034,0,30,-1,500000,38,4,35,1,36,2,37,1,40,1,0,0,0,0,0,0,0,0,0,0,0,30,50,70,0,0,0,0,2,0,			//ねこタツ
0,0,7800,9800,14800,21800,42500,64300,93200,118000,197400,513500,2,4,4900,0,1000000,3,20,9,-1,10,10,15035,0,30,-1,1000000,38,7,35,7,36,6,37,7,40,2,0,0,0,0,0,0,0,0,0,0,0,30,50,70,0,0,0,0,2,0,			//ネコルガ
0,0,6250,8200,12400,17800,24800,42400,64500,93000,148000,298000,2,3,3100,0,478000,2,20,9,-1,10,10,15036,0,30,-1,500000,38,2,35,2,36,2,37,2,40,1,0,0,0,0,0,0,0,0,0,0,0,30,50,70,0,0,0,0,2,0,			//オタネコ
0,0,6250,8200,12400,17800,24800,42400,64500,93000,148000,298000,2,3,3103,0,478000,2,20,9,-1,10,10,15037,0,30,-1,500000,38,4,36,1,37,2,39,1,40,1,0,0,0,0,0,0,0,0,0,0,0,30,50,70,0,0,0,0,2,0,			//ネコスイマー
0,0,5000,8000,12200,17800,24800,33200,43000,54200,66800,80800,2,2,2000,0,112500,1,20,9,-1,10,10,15038,0,30,-1,200000,30,2,31,3,34,3,38,1,37,1,0,0,0,0,0,0,0,0,0,0,0,30,50,80,0,0,0,0,2,0,			//ネコホッピング
0,0,5000,8000,12200,17800,24800,33200,43000,54200,66800,80800,2,2,2001,0,112500,1,20,9,-1,10,10,15039,0,30,-1,200000,33,2,30,1,31,3,34,2,37,2,0,0,0,0,0,0,0,0,0,0,0,30,50,80,0,0,0,0,2,0,			//ネコ車輪
0,0,6250,8200,12400,17800,24800,42400,64500,93000,148000,298000,2,3,3102,0,478000,2,20,9,-1,10,10,15040,0,30,-1,500000,38,1,36,4,37,1,39,2,40,1,0,0,0,0,0,0,0,0,0,0,0,30,50,70,0,0,0,0,2,0,			//ネコリンゴ
0,0,6250,8200,12400,17800,24800,42400,64500,93000,148000,298000,2,3,3104,0,478000,2,20,9,-1,10,10,15041,0,30,-1,500000,38,1,36,4,37,1,39,2,40,1,0,0,0,0,0,0,0,0,0,0,0,30,50,70,0,0,0,0,2,0,			//ネコバスたぶ
0,0,5000,8000,12200,17800,24800,33200,43000,54200,66800,80800,2,2,2002,0,112500,1,20,9,-1,10,10,15042,0,30,-1,200000,33,3,30,2,34,3,36,1,37,1,0,0,0,0,0,0,0,0,0,0,0,30,50,80,0,0,0,0,2,0,			//ネコエステ
0,0,7800,9800,14800,21800,42500,64300,93200,118000,197400,513500,2,4,4000,0,1000000,3,20,9,-1,10,10,15043,0,30,-1,1000000,35,4,36,8,37,3,39,6,40,4,0,0,0,0,0,0,0,0,0,0,0,30,50,70,0,0,200,0,2,0,			//ネコアイス
0,0,7800,9800,14800,21800,42500,64300,93200,118000,197400,513500,2,4,4002,0,1000000,3,20,9,-1,10,10,15044,0,30,-1,1000000,35,4,36,7,37,7,39,3,40,4,0,0,0,0,0,0,0,0,0,0,0,30,50,70,0,0,0,0,2,0,			//ネコマシン
0,0,7800,9800,14800,21800,42500,64300,93200,118000,197400,513500,2,4,4004,0,1000000,3,20,9,-1,10,10,15045,0,30,-1,1000000,38,5,35,7,36,5,39,7,40,3,0,0,0,0,0,0,0,0,0,0,0,30,50,70,0,0,0,0,2,0,			//鬼にゃんま
0,0,1300,2500,4000,6000,8500,11500,15000,19000,23500,28500,0,1,1115,0,3000,1,20,0,-1,10,10,0,0,-1,-1,0,0,0,0,0,0,0,0,0,0,0,0,0,0,0,0,0,0,0,0,0,0,30,50,0,0,0,0,0,2,-1,			//芸者ねこ
0,0,5000,8000,12200,17800,24800,33200,43000,54200,66800,80800,2,2,2003,0,112500,1,20,9,-1,10,10,15047,0,30,-1,200000,30,3,32,2,34,3,38,1,36,1,0,0,0,0,0,0,0,0,0,0,0,30,50,80,0,0,0,0,2,0,			//ねこジュラ
0,0,5000,8000,12200,17800,24800,33200,43000,54200,66800,80800,2,2,2004,0,112500,1,20,9,-1,10,10,15048,0,30,-1,200000,33,2,30,3,32,2,34,1,36,2,0,0,0,0,0,0,0,0,0,0,0,30,50,80,0,0,0,0,2,0,			//ねこファイター
0,0,5000,8000,12200,17800,24800,33200,43000,54200,66800,80800,2,2,2005,0,112500,1,20,9,-1,10,10,15049,0,30,-1,200000,33,3,30,2,32,2,34,1,36,2,0,0,0,0,0,0,0,0,0,0,0,30,50,80,0,0,0,0,2,0,			//ねこ海賊
0,0,5000,8000,12200,17800,24800,33200,43000,54200,66800,80800,2,2,2006,0,112500,1,20,9,-1,10,10,15050,0,30,-1,200000,33,3,31,3,32,2,38,1,35,1,0,0,0,0,0,0,0,0,0,0,0,30,50,80,0,0,0,0,2,0,			//ねこ泥棒
0,0,5000,8000,12200,17800,24800,33200,43000,54200,66800,80800,2,2,2007,0,112500,1,20,9,-1,10,10,15051,0,30,-1,200000,30,1,31,2,32,2,34,3,38,2,0,0,0,0,0,0,0,0,0,0,0,30,50,80,0,0,0,0,2,0,			//ねこ僧侶
0,0,5000,8000,12200,17800,24800,33200,43000,54200,66800,80800,2,2,2008,0,112500,1,20,9,-1,10,10,15052,0,30,-1,200000,30,1,31,3,32,2,34,2,38,2,0,0,0,0,0,0,0,0,0,0,0,30,50,80,0,0,0,0,2,0,			//ねこ占い師
0,0,5000,8000,12200,17800,24800,33200,43000,54200,66800,80800,2,2,2009,0,112500,1,20,9,-1,10,10,15053,0,30,-1,200000,30,3,31,2,32,2,34,1,38,2,0,0,0,0,0,0,0,0,0,0,0,30,50,80,0,0,0,0,2,0,			//ネコシャーマン
0,0,5000,8000,12200,17800,24800,33200,43000,54200,66800,80800,0,4,4950,0,20000,3,20,9,-1,10,10,0,0,-1,-1,0,0,0,0,0,0,0,0,0,0,0,0,0,0,0,0,0,0,0,0,0,0,30,50,70,0,0,0,0,2,-1,			//エヴァンジェリスト
0,0,6250,8200,12400,17800,24800,42400,64500,93000,148000,298000,0,1,1120,0,41200,2,20,0,-1,10,10,0,0,-1,-1,0,0,0,0,0,0,0,0,0,0,0,0,0,0,0,0,0,0,0,0,0,0,30,50,0,0,0,0,0,2,-1,			//10式戦車
0,0,5000,8000,12200,17800,24800,33200,43000,54200,66800,80800,2,2,2010,0,112500,1,20,9,-1,10,10,15056,0,30,-1,200000,33,3,30,2,32,2,34,1,36,2,0,0,0,0,0,0,0,0,0,0,0,30,50,80,0,0,0,0,2,0,			//ネコ魔女
0,0,5000,8000,12200,17800,24800,33200,43000,54200,66800,80800,2,2,2011,0,112500,1,20,9,-1,10,10,15057,0,30,-1,200000,30,1,31,2,32,3,34,2,38,2,0,0,0,0,0,0,0,0,0,0,0,30,50,80,0,0,0,0,2,0,			//ネコアーチャー
0,0,7800,9800,14800,21800,42500,64300,93200,118000,197400,513500,2,4,4006,0,1000000,3,20,9,-1,10,10,15058,0,30,-1,1000000,38,4,35,5,37,4,39,4,40,3,0,0,0,0,0,0,0,0,0,0,0,30,50,70,0,0,0,0,2,0,			//ネコシュバリエ
0,0,5000,8000,12200,17800,24800,33200,43000,54200,66800,80800,2,2,2012,0,112500,1,20,9,-1,10,10,15059,0,30,-1,200000,33,3,30,2,32,2,34,1,36,2,0,0,0,0,0,0,0,0,0,0,0,30,50,80,0,0,0,0,2,0,			//ネコ魔剣士
0,0,7800,9800,14800,21800,42500,64300,93200,118000,197400,513500,2,4,4008,0,1000000,3,20,9,-1,10,10,15060,0,30,-1,1000000,38,6,36,3,37,6,39,4,40,4,0,0,0,0,0,0,0,0,0,0,0,30,50,70,0,0,0,0,2,0,			//ねこベビー
0,0,5000,8000,12200,17800,24800,33200,43000,54200,66800,80800,0,2,2500,0,112500,1,20,0,-1,10,10,0,0,-1,-1,0,0,0,0,0,0,0,0,0,0,0,0,0,0,0,0,0,0,0,0,0,0,30,50,0,0,0,0,0,2,0,			//ネコブ・ロンズ
0,0,6250,8200,12400,17800,24800,42400,64500,93000,148000,298000,2,3,3001,0,478000,2,20,9,-1,10,10,15062,0,30,-1,500000,38,1,35,2,36,4,39,1,40,1,0,0,0,0,0,0,0,0,0,0,0,30,50,70,0,0,0,0,2,0,			//ねこ寿司
0,0,1300,2500,4000,6000,8500,11500,15000,19000,23500,28500,0,1,1125,0,10000,0,20,0,-1,10,10,0,0,-1,-1,0,0,0,0,0,0,0,0,0,0,0,0,0,0,0,0,0,0,0,0,0,0,30,50,0,0,0,0,0,2,-1,			//ネコポン
0,0,5000,8000,12200,17800,24800,33200,43000,54200,66800,80800,0,2,2200,0,22300,1,20,0,-1,10,10,10064,0,-1,-1,0,0,0,0,0,0,0,0,0,0,0,0,0,0,0,0,0,0,0,0,0,0,30,50,0,0,0,0,0,2,0,			//ネコ運動会
0,0,5000,8000,12200,17800,24800,33200,43000,54200,66800,80800,2,2,2600,0,112500,1,20,9,-1,10,10,0,0,-1,-1,0,0,0,0,0,0,0,0,0,0,0,0,0,0,0,0,0,0,0,0,0,0,30,50,80,0,0,0,0,2,-1,			//剣士
0,0,800,1500,2400,3600,5100,6900,9000,11400,14100,29800,2,2,2601,0,112500,1,20,9,-1,10,10,0,0,-1,-1,0,0,0,0,0,0,0,0,0,0,0,0,0,0,0,0,0,0,0,0,0,0,30,50,80,0,0,0,0,2,-1,			//ウシ姫
0,0,7800,9800,14800,21800,42500,64300,93200,118000,149800,212400,2,4,4610,0,550000,3,20,9,-1,10,10,0,0,-1,-1,0,0,0,0,0,0,0,0,0,0,0,0,0,0,0,0,0,0,0,0,0,0,30,50,70,0,0,0,0,2,-1,			//KHM48
0,0,5000,8000,12200,17800,24800,33200,43000,54200,66800,80800,2,2,2602,0,112500,1,20,9,-1,10,10,0,0,-1,-1,0,0,0,0,0,0,0,0,0,0,0,0,0,0,0,0,0,0,0,0,0,0,30,50,80,0,0,0,0,2,-1,			//チビガウ
0,0,7800,9600,12200,17800,24800,33200,43000,54200,84500,124500,2,3,3600,0,340000,2,20,9,-1,10,10,0,0,-1,-1,0,0,0,0,0,0,0,0,0,0,0,0,0,0,0,0,0,0,0,0,0,0,30,50,70,0,0,0,0,2,-1,			//執行者
0,0,2000,3500,6200,9800,14300,19700,26000,33200,41300,50300,0,3,3602,0,22300,2,20,0,-1,10,10,0,0,-1,-1,0,0,0,0,0,0,0,0,0,0,0,0,0,0,0,0,0,0,0,0,0,0,30,50,0,0,0,0,0,2,-1,			//眠れるケリの美女
0,0,5000,8000,12200,17800,24800,33200,43000,54200,66800,110800,0,2,2201,0,22300,1,20,0,-1,10,10,10071,0,-1,-1,0,0,0,0,0,0,0,0,0,0,0,0,0,0,0,0,0,0,0,0,0,0,30,50,0,0,0,0,0,2,0,			//ネコリーマン
0,0,7800,9800,14800,21800,42500,64300,93200,118000,197400,513500,2,4,4025,0,1000000,3,20,9,-1,10,10,15072,0,30,-1,1000000,35,8,36,4,37,5,39,3,40,4,0,0,0,0,0,0,0,0,0,0,0,30,50,70,0,0,0,0,2,0,			//真田幸村
0,0,7800,9800,14800,21800,42500,64300,93200,118000,197400,513500,2,4,4027,0,1000000,3,20,9,-1,10,10,15073,0,30,-1,1000000,38,3,35,8,36,4,37,6,40,4,0,0,0,0,0,0,0,0,0,0,0,30,50,70,0,0,0,0,2,0,			//前田慶次
0,0,7800,9800,14800,21800,42500,64300,93200,118000,197400,513500,2,4,4029,0,1000000,3,20,9,-1,10,10,0,0,-1,-1,0,0,0,0,0,0,0,0,0,0,0,0,0,0,0,0,0,0,0,0,0,0,30,50,70,0,0,0,0,2,0,			//織田信長
0,0,5000,8000,12200,17800,24800,33200,43000,54200,66800,110800,0,2,2202,0,22300,1,20,0,-1,10,10,10075,0,-1,-1,0,0,0,0,0,0,0,0,0,0,0,0,0,0,0,0,0,0,0,0,0,0,30,50,0,0,0,0,0,2,0,			//トナカイフィッシュ
0,0,7800,9800,14800,21800,42500,64300,93200,118000,197400,513500,2,4,4050,0,1000000,3,20,9,-1,10,10,15076,0,30,-1,1000000,38,8,35,4,36,2,39,5,40,4,0,0,0,0,0,0,0,0,0,0,0,30,50,70,0,0,100,0,2,0,			//風神のウィンディ
0,0,7800,9800,14800,21800,42500,64300,93200,118000,197400,513500,2,4,4052,0,1000000,3,20,9,-1,10,10,15077,0,30,-1,1000000,35,4,36,8,37,3,39,4,40,4,0,0,0,0,0,0,0,0,0,0,0,30,50,70,0,0,100,0,2,0,			//雷神のサンディア
0,0,1500,2100,2600,3200,4200,6000,8100,10500,13200,19200,0,2,2203,0,1234,1,20,0,-1,10,10,0,0,-1,-1,0,0,0,0,0,0,0,0,0,0,0,0,0,0,0,0,0,0,0,0,0,0,30,50,0,0,0,0,0,2,-1,			//ドロイド
0,0,5000,8000,12200,17800,24800,33200,43000,54200,66800,80800,0,2,2501,0,112500,1,20,0,-1,10,10,0,0,-1,-1,0,0,0,0,0,0,0,0,0,0,0,0,0,0,0,0,0,0,0,0,0,0,30,50,0,0,0,0,0,2,0,			//ネコと宇宙
0,0,1500,2100,2600,3200,4200,6000,8100,10500,13200,19200,0,2,2204,0,1234,1,20,0,-1,10,10,10080,0,-1,-1,0,0,0,0,0,0,0,0,0,0,0,0,0,0,0,0,0,0,0,0,0,0,30,50,0,0,0,0,0,2,0,			//にゃんこ成人
0,0,1500,2100,2600,3200,4200,6000,9100,13500,18200,25200,0,2,2205,0,1234,1,20,0,-1,10,10,10081,0,-1,-1,0,0,0,0,0,0,0,0,0,0,0,0,0,0,0,0,0,0,0,0,0,0,30,50,0,0,0,0,0,2,0,			//吾輩は鬼である
0,0,1500,2100,2600,3200,4200,6000,9100,13500,18200,25200,0,2,2206,0,1234,1,20,0,-1,10,10,10082,0,-1,-1,0,0,0,0,0,0,0,0,0,0,0,0,0,0,0,0,0,0,0,0,0,0,30,50,0,0,0,0,0,2,0,			//ひなにゃんこ
0,0,1300,2500,4000,6000,8500,11500,15000,19000,23500,28500,0,1,1130,0,1234,0,20,0,-1,10,10,0,0,-1,-1,0,0,0,0,0,0,0,0,0,0,0,0,0,0,0,0,0,0,0,0,0,0,30,50,0,0,0,0,0,2,-1,			//ネコ忍者～青～
0,0,7800,9800,14800,21800,42500,64300,93200,118000,197400,513500,2,4,4077,0,1000000,3,20,9,-1,10,10,15084,0,30,-1,1000000,38,7,35,3,37,3,39,4,40,3,0,0,0,0,0,0,0,0,0,0,0,30,50,70,0,0,0,0,2,0,			//地龍ソドム
0,0,7800,9800,14800,21800,42500,64300,93200,118000,197400,513500,2,4,4075,0,1000000,3,20,9,-1,10,10,15085,0,30,-1,1000000,38,8,35,3,37,4,39,4,40,4,0,0,0,0,0,0,0,0,0,0,0,30,50,70,0,0,0,0,2,0,			//聖龍メギドラ
0,0,7800,9800,14800,21800,42500,64300,93200,118000,197400,513500,2,4,4079,0,1000000,3,20,9,-1,10,10,15086,0,30,-1,1000000,38,3,35,8,37,3,39,5,40,4,0,0,0,0,0,0,0,0,0,0,0,30,50,70,0,0,0,0,2,0,			//竜騎士バルス
0,0,7800,9800,14800,21800,42500,64300,93200,118000,197400,513500,2,4,4081,0,1000000,3,20,9,-1,10,10,15087,0,30,-1,1000000,35,4,36,8,37,3,39,3,40,3,0,0,0,0,0,0,0,0,0,0,0,30,50,70,0,0,0,0,2,0,			//神龍かむくら
0,0,7800,9800,14800,21800,42500,64300,93200,118000,197400,513500,2,4,4083,0,1000000,3,20,9,-1,10,10,15088,0,30,-1,1000000,38,4,36,8,37,3,39,3,40,3,0,0,0,0,0,0,0,0,0,0,0,30,50,70,0,0,0,0,2,0,			//竜戦機ライデン
0,0,5000,8000,12200,17800,24800,33200,43000,54200,66800,80800,0,2,2502,0,112500,1,20,0,-1,10,10,0,0,-1,-1,0,0,0,0,0,0,0,0,0,0,0,0,0,0,0,0,0,0,0,0,0,0,30,50,0,0,0,0,0,2,0,			//ネコなわとび
0,0,7800,9800,14800,21800,42500,64300,93200,118000,197400,513500,2,4,4600,0,1000000,3,20,9,-1,10,10,0,0,-1,-1,0,0,0,0,0,0,0,0,0,0,0,0,0,0,0,0,0,0,0,0,0,0,30,50,70,0,0,0,0,2,-1,			//ニムエ
0,0,7800,9800,14800,21800,42500,64300,93200,118000,197400,513500,2,4,4605,0,1000000,3,20,9,-1,10,10,0,0,-1,-1,0,0,0,0,0,0,0,0,0,0,0,0,0,0,0,0,0,0,0,0,0,0,30,50,70,0,0,0,0,2,-1,			//猿王
0,0,62000,64000,66000,69000,72000,75000,79000,83000,88000,94000,0,3,3500,0,444,2,20,0,-1,10,10,10092,0,-1,-1,0,0,0,0,0,0,0,0,0,0,0,0,0,0,0,0,0,0,0,0,0,0,30,50,0,0,0,0,0,2,0,			//狂乱のネコ
0,0,71500,73500,75500,78500,81500,84500,88500,92500,97500,103500,0,3,3501,0,444,2,20,0,-1,10,10,10093,0,-1,-1,0,0,0,0,0,0,0,0,0,0,0,0,0,0,0,0,0,0,0,0,0,0,30,50,0,0,0,0,0,2,0,			//狂乱のタンクネコ
0,0,63500,65500,67500,70500,73500,76500,80500,84500,89500,95500,0,3,3502,0,444,2,20,0,-1,10,10,10094,0,-1,-1,0,0,0,0,0,0,0,0,0,0,0,0,0,0,0,0,0,0,0,0,0,0,30,50,0,0,0,0,0,2,0,			//狂乱のバトルネコ
0,0,79800,81800,83800,86800,89800,92800,96800,100800,105800,111800,0,3,3503,0,444,2,20,0,-1,10,10,10095,0,-1,-1,0,0,0,0,0,0,0,0,0,0,0,0,0,0,0,0,0,0,0,0,0,0,30,50,0,0,0,0,0,2,0,			//狂乱のキモネコ
0,0,69900,71900,73900,76900,79900,82900,86900,90900,95900,101900,0,3,3504,0,444,2,20,0,-1,10,10,10096,0,-1,-1,0,0,0,0,0,0,0,0,0,0,0,0,0,0,0,0,0,0,0,0,0,0,30,50,0,0,0,0,0,2,0,			//狂乱のウシネコ
0,0,67000,69000,71000,74000,77000,80000,84000,88000,93000,99000,0,3,3505,0,444,2,20,0,-1,10,10,10097,0,-1,-1,0,0,0,0,0,0,0,0,0,0,0,0,0,0,0,0,0,0,0,0,0,0,30,50,0,0,0,0,0,2,0,			//狂乱のネコノトリ
0,0,68700,70700,72700,75700,78700,81700,85700,89700,94700,100700,0,3,3506,0,444,2,20,0,-1,10,10,10098,0,-1,-1,0,0,0,0,0,0,0,0,0,0,0,0,0,0,0,0,0,0,0,0,0,0,30,50,0,0,0,0,0,2,0,			//狂乱のネコフィッシュ
0,0,93600,95600,97600,100600,103600,106600,110600,114600,119600,125600,0,3,3507,0,444,2,20,0,-1,10,10,10099,0,-1,-1,0,0,0,0,0,0,0,0,0,0,0,0,0,0,0,0,0,0,0,0,0,0,30,50,0,0,0,0,0,2,0,			//狂乱のネコトカゲ
0,0,99800,101800,103800,106800,109800,112800,116800,120800,125800,131800,0,3,3508,0,444,2,20,0,-1,10,10,10100,0,-1,-1,0,0,0,0,0,0,0,0,0,0,0,0,0,0,0,0,0,0,0,0,0,0,30,50,0,0,0,0,0,2,0,			//狂乱の巨神ネコ
0,0,2000,3500,6200,9800,14300,19700,26000,33200,41300,50300,0,2,2207,0,444,1,20,0,-1,10,10,10101,0,-1,-1,0,0,0,0,0,0,0,0,0,0,0,0,0,0,0,0,0,0,0,0,0,0,30,50,0,0,0,0,0,2,0,			//ネコ乙女
0,0,1500,2000,3200,4800,6800,9200,12000,15200,18800,22800,0,1,1135,0,444,1,20,0,-1,10,10,0,0,-1,-1,0,0,0,0,0,0,0,0,0,0,0,0,0,0,0,0,0,0,0,0,0,0,30,50,0,0,0,0,0,2,-1,			//弱酸性エル
0,0,600,900,1800,3000,4500,6300,8400,10800,13500,16500,0,1,1136,0,444,1,20,0,-1,10,10,0,0,-1,-1,0,0,0,0,0,0,0,0,0,0,0,0,0,0,0,0,0,0,0,0,0,0,30,50,0,0,0,0,0,2,-1,			//レッドマローン
0,0,5884,15884,15884,25884,25884,35884,35884,45884,45884,55884,0,1,1140,0,444,1,20,0,-1,10,10,10104,0,-1,-1,0,0,0,0,0,0,0,0,0,0,0,0,0,0,0,0,0,0,0,0,0,0,30,50,0,0,0,0,0,2,-1,			//歌謡にゃんこ
0,0,2000,3500,6200,9800,14300,19700,26000,33200,41300,50300,0,2,2208,0,444,1,20,0,-1,10,10,10105,0,-1,-1,0,0,0,0,0,0,0,0,0,0,0,0,0,0,0,0,0,0,0,0,0,0,30,50,0,0,0,0,0,2,0,			//マジでコイしてる
0,0,7800,9800,14800,21800,42500,64300,93200,118000,197400,513500,2,4,4054,0,1000000,3,20,9,-1,10,10,15106,0,30,-1,1000000,38,3,35,6,36,6,37,2,40,3,0,0,0,0,0,0,0,0,0,0,0,30,50,70,0,0,0,0,2,0,			//猿帝のクウ
0,0,7800,9800,14800,21800,42500,64300,93200,118000,197400,513500,2,4,4056,0,1000000,3,20,9,-1,10,10,15107,0,30,-1,1000000,38,7,35,4,37,3,39,3,40,3,0,0,0,0,0,0,0,0,0,0,0,30,50,70,0,0,0,0,2,0,			//召し豚のカイ
0,0,7800,9800,14800,21800,42500,64300,93200,118000,197400,513500,2,4,4059,0,1000000,3,20,9,-1,10,10,15108,0,30,-1,1000000,38,7,36,4,37,3,39,3,40,3,0,0,0,0,0,0,0,0,0,0,0,30,50,70,0,0,0,0,2,0,			//宝杖のカッパーマイン
0,0,1300,2500,4000,6000,8500,11500,15000,19000,23500,28500,0,1,1145,0,444,0,20,0,-1,10,10,0,0,-1,-1,0,0,0,0,0,0,0,0,0,0,0,0,0,0,0,0,0,0,0,0,0,0,30,50,0,0,0,0,0,2,0,			//にゃんこ３兄弟
0,0,5000,8000,12200,17800,24800,33200,43000,54200,66800,80800,0,2,2209,0,444,1,20,0,-1,10,10,10110,0,-1,-1,0,0,0,0,0,0,0,0,0,0,0,0,0,0,0,0,0,0,0,0,0,0,30,50,0,0,0,0,0,2,0,			//マダム・ザ・花嫁
0,0,5000,8000,12200,17800,24800,33200,43000,54200,66800,80800,2,2,2610,0,112500,1,20,19,-1,10,10,0,0,-1,-1,0,0,0,0,0,0,0,0,0,0,0,0,0,0,0,0,0,0,0,0,0,0,30,50,80,0,0,0,0,2,-1,			//セレス
0,0,5000,8000,12200,17800,24800,33200,43000,54200,66800,80800,2,2,2611,0,112500,1,20,19,-1,10,10,0,0,-1,-1,0,0,0,0,0,0,0,0,0,0,0,0,0,0,0,0,0,0,0,0,0,0,30,50,80,0,0,0,0,2,-1,			//ノノ
0,0,5000,8000,12200,17800,24800,33200,43000,54200,66800,80800,2,2,2612,0,112500,1,20,19,-1,10,10,0,0,-1,-1,0,0,0,0,0,0,0,0,0,0,0,0,0,0,0,0,0,0,0,0,0,0,30,50,80,0,0,0,0,2,-1,			//オルガ
0,0,5000,8000,12200,17800,24800,33200,43000,54200,66800,80800,2,2,2613,0,112500,1,20,19,-1,10,10,0,0,-1,-1,0,0,0,0,0,0,0,0,0,0,0,0,0,0,0,0,0,0,0,0,0,0,30,50,80,0,0,0,0,2,-1,			//ノルン
0,0,5000,8000,12200,17800,24800,33200,43000,54200,66800,80800,2,2,2614,0,112500,1,20,19,-1,10,10,0,0,-1,-1,0,0,0,0,0,0,0,0,0,0,0,0,0,0,0,0,0,0,0,0,0,0,30,50,80,0,0,0,0,2,-1,			//よいち
0,0,5000,8000,12200,17800,24800,33200,43000,54200,66800,80800,2,2,2615,0,112500,1,20,19,-1,10,10,0,0,-1,-1,0,0,0,0,0,0,0,0,0,0,0,0,0,0,0,0,0,0,0,0,0,0,30,50,80,0,0,0,0,2,-1,			//セラム
0,0,5000,8000,12200,17800,24800,33200,43000,54200,66800,80800,2,2,2616,0,112500,1,20,19,-1,10,10,0,0,-1,-1,0,0,0,0,0,0,0,0,0,0,0,0,0,0,0,0,0,0,0,0,0,0,30,50,80,0,0,0,0,2,-1,			//フウ
0,0,6250,8200,12400,17800,24800,42400,64500,93000,148000,298000,2,3,3610,0,478000,2,20,19,-1,10,10,0,0,-1,-1,0,0,0,0,0,0,0,0,0,0,0,0,0,0,0,0,0,0,0,0,0,0,30,50,70,0,0,0,0,2,-1,			//アウラ
0,0,6250,8200,12400,17800,24800,42400,64500,93000,148000,298000,2,3,3611,0,478000,2,20,19,-1,10,10,0,0,-1,-1,0,0,0,0,0,0,0,0,0,0,0,0,0,0,0,0,0,0,0,0,0,0,30,50,70,0,0,0,0,2,-1,			//レイ
0,0,7800,9800,14800,21800,42500,64300,93200,118000,197400,513500,2,4,4615,0,1000000,3,20,19,-1,10,10,0,0,-1,-1,0,0,0,0,0,0,0,0,0,0,0,0,0,0,0,0,0,0,0,0,0,0,30,50,70,0,0,0,0,2,-1,			//ワイバーン
0,0,1500,2000,3200,4800,6800,9200,12000,15200,18800,22800,0,1,1150,0,444,1,20,0,-1,10,10,10120,0,-1,-1,0,0,0,0,0,0,0,0,0,0,0,0,0,0,0,0,0,0,0,0,0,0,30,50,0,0,0,0,0,2,-1,			//癒術士
0,0,1500,2000,3200,4800,6800,9200,12000,15200,18800,22800,0,1,1151,0,444,1,20,0,-1,10,10,10122,0,-1,-1,0,0,0,0,0,0,0,0,0,0,0,0,0,0,0,0,0,0,0,0,0,0,30,50,0,0,0,0,0,2,-1,			//メルク
0,0,2000,3500,6200,9800,14300,19700,26000,33200,41300,50300,0,2,2210,0,444,1,20,0,-1,10,10,10123,0,-1,-1,0,0,0,0,0,0,0,0,0,0,0,0,0,0,0,0,0,0,0,0,0,0,30,50,0,0,0,0,0,2,0,			//女王様の休日
0,0,2000,3500,6200,9800,14300,19700,26000,33200,41300,50300,0,1,1155,0,444,1,20,0,-1,10,10,0,0,-1,-1,0,0,0,0,0,0,0,0,0,0,0,0,0,0,0,0,0,0,0,0,0,0,30,50,0,0,0,0,0,2,0,			//マメマメにゃんこ
0,0,7800,9800,14800,21800,42500,64300,93200,118000,197400,513500,2,4,4031,0,1000000,3,20,9,-1,10,10,15125,0,30,-1,1000000,35,6,36,6,37,3,39,3,40,3,0,0,0,0,0,0,0,0,0,0,0,30,50,70,0,0,0,0,2,0,			//伊達政宗
0,0,7800,9800,14800,21800,42500,64300,93200,118000,197400,513500,2,4,4033,0,1000000,3,20,9,-1,10,10,15126,0,30,-1,1000000,38,3,35,6,36,3,37,6,40,3,0,0,0,0,0,0,0,0,0,0,0,30,50,70,0,0,0,0,2,0,			//武田信玄
0,0,5000,8000,12200,17800,24800,33200,43000,54200,66800,80800,0,2,2503,0,112500,1,20,0,-1,10,10,0,0,-1,-1,0,0,0,0,0,0,0,0,0,0,0,0,0,0,0,0,0,0,0,0,0,0,30,50,0,0,0,0,0,2,0,			//カラクリにゃんこ
0,0,5000,8000,12200,17800,24800,33200,43000,54200,66800,80800,0,1,1156,0,444,1,20,0,-1,10,10,10128,0,-1,-1,0,0,0,0,0,0,0,0,0,0,0,0,0,0,0,0,0,0,0,0,0,0,30,50,0,0,0,0,0,2,0,			//ネコフラワー
0,0,2000,3500,6200,9800,14300,19700,26000,33200,41300,50300,0,2,2211,0,444,1,20,0,-1,10,10,10129,0,-1,-1,0,0,0,0,0,0,0,0,0,0,0,0,0,0,0,0,0,0,0,0,0,0,30,50,0,0,0,0,0,2,0,			//うらめしにゃん
0,0,200,400,700,1100,1600,2200,2900,3700,4600,5600,2,3,3010,0,999999,2,20,9,-1,10,10,0,0,-1,-1,0,0,0,0,0,0,0,0,0,0,0,0,0,0,0,0,0,0,0,0,0,0,30,50,70,0,0,0,0,2,0,			//金ネコ
0,0,7800,9800,14800,21800,42500,64300,93200,118000,197400,513500,0,1,1932,0,999,3,20,0,-1,10,10,16131,0,30,-1,1000000,33,5,30,5,32,5,34,5,42,1,0,0,0,0,0,0,0,0,0,0,0,30,40,0,0,0,0,0,2,0,			//ウルフとウルルン
0,0,6250,8200,12400,17800,24800,42400,64500,93000,148000,298000,2,3,3018,0,478000,2,20,9,-1,10,10,0,0,-1,-1,0,0,0,0,0,0,0,0,0,0,0,0,0,0,0,0,0,0,0,0,0,0,30,50,70,0,0,0,0,2,0,			//ねねこ
0,0,500,1500,5100,9900,15900,23100,31500,41100,51900,63900,0,2,2212,0,444,1,20,0,-1,10,10,10133,0,-1,-1,0,0,0,0,0,0,0,0,0,0,0,0,0,0,0,0,0,0,0,0,0,0,30,50,0,0,0,0,0,2,0,			//カンフーにゃんこG
0,0,5000,8000,12200,17800,24800,33200,43000,54200,66800,80800,0,1,1160,0,444,1,20,0,-1,10,10,17134,0,-1,-1,0,0,0,0,0,0,0,0,0,0,0,0,0,0,0,0,0,0,0,0,0,0,30,50,0,0,0,0,0,2,-1,			//ヒカキン
0,0,7800,9800,14800,21800,42500,64300,93200,118000,197400,513500,2,4,4106,0,1000000,3,20,9,-1,10,10,15135,0,30,-1,1000000,35,7,36,2,37,3,39,7,40,4,0,0,0,0,0,0,0,0,0,0,0,30,50,70,0,0,0,0,2,0,			//うらしまタロウ
0,0,7800,9800,14800,21800,42500,64300,93200,118000,197400,513500,2,4,4108,0,1000000,3,20,9,-1,10,10,15136,0,30,-1,1000000,39,30,40,10,0,0,0,0,0,0,0,0,0,0,0,0,0,0,0,0,0,30,50,70,0,0,0,0,2,0,			//ツルの恩返し
0,0,7800,9800,14800,21800,42500,64300,93200,118000,197400,513500,2,4,4100,0,1000000,3,20,9,-1,10,10,15137,0,30,-1,1000000,38,2,36,7,37,3,39,7,40,4,0,0,0,0,0,0,0,0,0,0,0,30,50,70,0,0,0,0,2,0,			//ももたろう
0,0,7800,9800,14800,21800,42500,64300,93200,118000,197400,513500,2,4,4104,0,1000000,3,20,9,-1,10,10,0,0,-1,-1,0,0,0,0,0,0,0,0,0,0,0,0,0,0,0,0,0,0,0,0,0,0,30,50,70,0,0,0,0,2,0,			//かさじぞう
0,0,7800,9800,14800,21800,42500,64300,93200,118000,197400,513500,2,4,4102,0,1000000,3,20,9,-1,10,10,15139,0,30,-1,1000000,38,3,36,3,37,5,39,7,40,3,0,0,0,0,0,0,0,0,0,0,0,30,50,70,0,0,0,0,2,0,			//かぐやひめ
0,0,700,1300,2200,3400,4900,6700,8800,11200,13900,16900,0,1,1163,0,444,1,20,0,-1,10,10,10140,0,-1,-1,0,0,0,0,0,0,0,0,0,0,0,0,0,0,0,0,0,0,0,0,0,0,30,50,0,0,0,0,0,2,-1,			//ネコンドー
0,0,1300,2500,4000,6000,8500,11500,15000,19000,23500,28500,0,1,1165,0,444,0,20,0,-1,10,10,0,0,-1,-1,0,0,0,0,0,0,0,0,0,0,0,0,0,0,0,0,0,0,0,0,0,0,30,50,0,0,0,0,0,2,60200,			//ふにゅふにゅネコ
0,0,1300,2500,4000,6000,8500,11500,15000,19000,23500,28500,0,1,1920,0,444,0,20,0,-1,10,10,0,0,-1,-1,0,0,0,0,0,0,0,0,0,0,0,0,0,0,0,0,0,0,0,0,0,0,30,50,0,0,0,0,0,2,-1,			//神様
0,0,1300,2500,4000,6000,8500,11500,15000,19000,23500,28500,0,1,1170,0,444,0,20,0,-1,10,10,0,0,-1,-1,0,0,0,0,0,0,0,0,0,0,0,0,0,0,0,0,0,0,0,0,0,0,30,50,0,0,0,0,0,2,-1,			//ネコチュートリアル
0,0,7800,9800,14800,21800,42500,64300,93200,118000,197400,513500,2,4,4010,0,1000000,3,20,9,-1,10,10,15144,0,30,-1,1000000,38,6,35,6,36,3,37,3,40,3,0,0,0,0,0,0,0,0,0,0,0,30,50,70,0,0,0,0,2,0,			//ねこナース
0,0,6250,8200,12400,17800,24800,42400,64500,93000,148000,298000,2,3,3025,0,478000,2,20,9,-1,10,10,0,0,-1,-1,0,0,0,0,0,0,0,0,0,0,0,0,0,0,0,0,0,0,0,0,0,0,30,50,70,0,0,0,0,2,0,			//にゃんこ城Mini
0,0,5000,8000,12200,17800,24800,33200,43000,54200,66800,80800,2,2,2013,0,112500,1,20,9,-1,10,10,15146,0,30,-1,200000,33,1,31,2,32,3,34,2,35,2,0,0,0,0,0,0,0,0,0,0,0,30,50,80,0,0,0,0,2,0,			//ねこガンマン
0,0,5000,8000,12200,17800,24800,33200,43000,54200,66800,80800,2,2,2014,0,112500,1,20,9,-1,10,10,15147,0,30,-1,200000,33,3,30,1,31,2,32,2,39,2,0,0,0,0,0,0,0,0,0,0,0,30,50,80,0,0,0,0,2,0,			//たけうまねこ
0,0,5000,8000,12200,17800,24800,33200,43000,54200,66800,80800,2,2,2015,0,112500,1,20,9,-1,10,10,15148,0,30,-1,200000,33,3,31,2,32,2,34,1,35,2,0,0,0,0,0,0,0,0,0,0,0,30,50,80,0,0,0,0,2,0,			//ブリキネコ
0,0,5000,8000,12200,17800,24800,33200,43000,54200,66800,80800,2,2,2016,0,112500,1,20,9,-1,10,10,15149,0,30,-1,200000,33,3,30,2,31,2,32,1,39,2,0,0,0,0,0,0,0,0,0,0,0,30,50,80,0,0,0,0,2,0,			//ねこロッカー
0,0,5000,8000,12200,17800,24800,33200,43000,54200,66800,80800,2,2,2017,0,112500,1,20,9,-1,10,10,15150,0,30,-1,200000,30,2,31,3,32,1,34,2,38,2,0,0,0,0,0,0,0,0,0,0,0,30,50,80,0,0,0,0,2,0,			//ねこ人魚
0,0,6250,8200,12400,17800,24800,42400,64500,93000,148000,298000,2,3,3107,0,478000,2,20,9,-1,10,10,15151,0,30,-1,500000,35,1,36,2,37,1,39,4,40,1,0,0,0,0,0,0,0,0,0,0,0,30,50,70,0,0,0,0,2,0,			//窓辺の乙女ネコ
0,0,6250,8200,12400,17800,24800,42400,64500,93000,148000,298000,2,3,3108,0,478000,2,20,9,-1,10,10,0,0,-1,-1,0,0,0,0,0,0,0,0,0,0,0,0,0,0,0,0,0,0,0,0,0,0,30,50,70,0,0,0,0,2,0,			//ネコバーベル
0,0,6250,8200,12400,17800,24800,42400,64500,93000,148000,298000,2,3,3109,0,478000,2,20,9,-1,10,10,15153,0,30,-1,500000,35,2,36,2,37,2,39,2,42,1,0,0,0,0,0,0,0,0,0,0,0,30,50,70,0,0,0,0,2,0,			//ネコスケート
0,0,6250,8200,12400,17800,24800,42400,64500,93000,148000,298000,2,3,3110,0,478000,2,20,9,-1,10,10,15154,0,30,-1,500000,38,2,36,1,37,1,39,4,40,1,0,0,0,0,0,0,0,0,0,0,0,30,50,70,0,0,0,0,2,0,			//ネコトースター
0,0,5000,8000,12200,17800,24800,33200,43000,54200,66800,80800,0,2,2504,0,112500,1,20,0,-1,10,10,0,0,-1,-1,0,0,0,0,0,0,0,0,0,0,0,0,0,0,0,0,0,0,0,0,0,0,30,50,0,0,0,0,0,2,0,			//ねこフープ
0,0,5000,8000,12200,17800,24800,33200,43000,54200,66800,80800,0,4,4952,0,20000,3,20,9,-1,10,10,0,0,-1,-1,0,0,0,0,0,0,0,0,0,0,0,0,0,0,0,0,0,0,0,0,0,0,30,50,70,0,0,0,0,2,-1,			//のべにゃん
0,0,2000,3500,6200,9800,14300,19700,26000,33200,41300,50300,0,2,2625,0,444,1,20,0,-1,10,10,0,0,-1,-1,0,0,0,0,0,0,0,0,0,0,0,0,0,0,0,0,0,0,0,0,0,0,30,50,0,0,0,0,0,2,-1,			//ドラリー剣士
0,0,1500,2000,3200,4800,6800,9200,12000,15200,18800,22800,0,1,1180,0,444,0,20,0,-1,10,10,0,0,-1,-1,0,0,0,0,0,0,0,0,0,0,0,0,0,0,0,0,0,0,0,0,0,0,30,50,0,0,0,0,0,2,-1,			//ヌボボ
0,0,7800,9800,14800,21800,42500,64300,93200,118000,197400,513500,2,4,4035,0,1000000,3,20,9,-1,10,10,15159,0,30,-1,1000000,35,7,36,4,37,3,39,4,40,3,0,0,0,0,0,0,0,0,0,0,0,30,50,70,0,0,0,0,2,0,			//上杉謙信
0,0,7800,9800,14800,21800,42500,64300,93200,118000,197400,513500,2,4,4061,0,1000000,3,20,9,-1,10,10,15160,0,30,-1,1000000,38,4,35,3,36,4,39,7,40,3,0,0,0,0,0,0,0,0,0,0,0,30,50,70,0,0,0,0,2,0,			//冥界のカリファ
0,0,6250,8200,12400,17800,24800,42400,64500,93000,148000,298000,2,3,3601,0,478000,2,20,9,-1,10,10,0,0,-1,-1,0,0,0,0,0,0,0,0,0,0,0,0,0,0,0,0,0,0,0,0,0,0,30,50,70,0,0,0,0,2,-1,			//ユーリンチー
0,0,7800,9800,14800,21800,42500,64300,93200,118000,197400,513500,2,4,4611,0,1000000,3,20,9,-1,10,10,0,0,-1,-1,0,40,3,0,0,0,0,0,0,0,0,0,0,0,0,0,0,0,0,0,0,0,30,50,70,0,0,0,0,2,-1,			//狂乱のケリ姫
0,0,1500,2000,3200,4800,6800,9200,12000,15200,18800,22800,0,1,1188,0,444,0,20,0,-1,10,10,0,0,-1,-1,0,0,0,0,0,0,0,0,0,0,0,0,0,0,0,0,0,0,0,0,0,0,30,50,0,0,0,0,0,2,-1,			//綾小路 翔
0,0,1500,2000,3200,4800,6800,9200,12000,15200,18800,22800,0,1,1187,0,444,0,20,0,-1,10,10,0,0,-1,-1,0,0,0,0,0,0,0,0,0,0,0,0,0,0,0,0,0,0,0,0,0,0,30,50,0,0,0,0,0,2,-1,			//早乙女 光
0,0,1500,2000,3200,4800,6800,9200,12000,15200,18800,22800,0,1,1189,0,444,0,20,0,-1,10,10,0,0,-1,-1,0,0,0,0,0,0,0,0,0,0,0,0,0,0,0,0,0,0,0,0,0,0,30,50,0,0,0,0,0,2,-1,			//西園寺 瞳
0,0,1500,2000,3200,4800,6800,9200,12000,15200,18800,22800,0,1,1185,0,444,0,20,0,-1,10,10,0,0,-1,-1,0,0,0,0,0,0,0,0,0,0,0,0,0,0,0,0,0,0,0,0,0,0,30,50,0,0,0,0,0,2,-1,			//星グランマニエ
0,0,1500,2000,3200,4800,6800,9200,12000,15200,18800,22800,0,1,1186,0,444,0,20,0,-1,10,10,0,0,-1,-1,0,0,0,0,0,0,0,0,0,0,0,0,0,0,0,0,0,0,0,0,0,0,30,50,0,0,0,0,0,2,-1,			//白鳥松竹梅
0,0,1500,2100,2600,3200,4200,6000,9100,13500,18200,25200,0,2,2630,0,1234,0,20,0,-1,10,10,0,0,-1,-1,0,0,0,0,0,0,0,0,0,0,0,0,0,0,0,0,0,0,0,0,0,0,30,50,0,0,0,0,0,2,-1,			//ネコヤンキー
0,0,7800,9800,14800,21800,42500,64300,93200,118000,197400,513500,2,4,4902,0,1000000,3,20,9,-1,10,10,15169,0,30,-1,1000000,38,5,35,6,37,5,39,5,40,2,0,0,0,0,0,0,0,0,0,0,0,30,50,70,0,0,0,0,2,0,			//アシルガ
0,0,7800,9800,14800,21800,42500,64300,93200,118000,197400,513500,2,4,4904,0,1000000,3,20,9,-1,10,10,15170,0,30,-1,1000000,38,6,35,5,36,5,37,5,40,2,0,0,0,0,0,0,0,0,0,0,0,30,50,70,0,0,0,0,2,0,			//クビルガ
0,0,7800,9800,14800,21800,42500,64300,93200,118000,197400,513500,2,4,4906,0,1000000,3,20,9,-1,10,10,15170,0,30,-1,1000000,38,5,36,4,37,4,39,4,40,3,0,0,0,0,0,0,0,0,0,0,0,30,50,70,0,0,0,0,2,0,			//テコルガ
0,0,7800,9800,14800,21800,42500,64300,93200,118000,197400,513500,2,4,4908,0,1000000,3,20,9,-1,10,10,15172,0,30,-1,1000000,38,5,35,5,36,5,39,6,40,2,0,0,0,0,0,0,0,0,0,0,0,30,50,70,0,0,0,0,2,0,			//バララガ
0,0,7800,9800,14800,21800,42500,64300,93200,118000,197400,513500,0,1,1933,0,999,3,20,0,-1,10,10,16173,0,30,-1,1000000,38,5,35,5,37,5,39,5,42,1,0,0,0,0,0,0,0,0,0,0,0,30,40,0,0,0,0,0,2,0,			//コニャンダム
0,0,6250,8200,12400,17800,24800,42400,64500,93000,148000,298000,2,3,3620,0,478000,2,20,9,-1,10,10,0,0,-1,-1,0,0,0,0,0,0,0,0,0,0,0,0,0,0,0,0,0,0,0,0,0,0,30,50,70,0,0,0,0,2,0,			//厨房マンボウ
0,0,7800,9800,14800,21800,42500,64300,93200,118000,197400,513500,2,4,4625,0,1000000,3,20,9,-1,10,10,0,0,-1,-1,0,0,0,0,0,0,0,0,0,0,0,0,0,0,0,0,0,0,0,0,0,0,30,50,70,0,0,0,0,2,0,			//マンボ王
0,0,1500,2000,3200,4800,6800,9200,12000,15200,18800,22800,0,1,1190,0,444,0,20,0,-1,10,10,0,0,-1,-1,0,0,0,0,0,0,0,0,0,0,0,0,0,0,0,0,0,0,0,0,0,0,30,50,0,0,0,0,0,2,0,			//にゃんぼう
0,0,2000,3500,6200,9800,14300,19700,26000,33200,41300,50300,0,2,2213,0,444,0,20,0,-1,10,10,0,0,-1,-1,0,0,0,0,0,0,0,0,0,0,0,0,0,0,0,0,0,0,0,0,0,0,30,50,0,0,0,0,0,2,0,			//マシュマロにゃん
0,0,7800,9800,14800,21800,42500,64300,93200,118000,197400,513500,2,4,4085,0,1000000,3,20,9,-1,10,10,15178,0,30,-1,1000000,38,5,35,4,37,3,39,7,40,4,0,0,0,0,0,0,0,0,0,0,0,30,50,70,0,0,0,0,2,0,			//覇龍ディオラムス
0,0,1500,2000,3200,4800,6800,9200,12000,15200,18800,22800,0,1,1195,0,444,0,20,0,-1,10,10,0,0,-1,-1,0,0,0,0,0,0,0,0,0,0,0,0,0,0,0,0,0,0,0,0,0,0,30,50,0,0,0,0,0,2,-1,			//極道にゃんこ
0,0,2000,3500,6200,9800,14300,19700,26000,33200,41300,50300,0,2,2635,0,444,0,20,0,-1,10,10,10180,0,-1,-1,0,0,0,0,0,0,0,0,0,0,0,0,0,0,0,0,0,0,0,0,0,0,30,50,0,0,0,0,0,2,-1,			//タクヤとユキ
0,0,7800,9800,14800,21800,42500,64300,93200,118000,197400,513500,2,4,4630,0,1000000,3,20,9,-1,10,10,15181,0,30,-1,1000000,38,3,39,3,40,1,0,0,0,0,0,0,0,0,0,0,0,0,0,0,0,30,50,70,0,0,0,0,2,-1,			//謎の少女ユキ
0,0,1500,2000,3200,4800,6800,9200,12000,15200,18800,22800,0,1,1200,0,444,0,20,0,-1,10,10,0,0,-1,-1,0,0,0,0,0,0,0,0,0,0,0,0,0,0,0,0,0,0,0,0,0,0,30,50,0,0,0,0,0,2,-1,			//ゆきにゃん
0,0,1500,2000,3200,4800,6800,9200,12000,15200,18800,22800,0,1,1203,0,444,0,20,0,-1,10,10,0,0,-1,-1,0,0,0,0,0,0,0,0,0,0,0,0,0,0,0,0,0,0,0,0,0,0,30,50,0,0,0,0,0,2,-1,			//183
0,0,2000,3500,6200,9800,14300,19700,26000,33200,41300,50300,0,2,2214,0,444,0,20,0,-1,10,10,10184,0,-1,-1,0,0,0,0,0,0,0,0,0,0,0,0,0,0,0,0,0,0,0,0,0,0,30,50,0,0,0,0,0,2,0,			//にゃんこカートR
0,0,1500,2000,3200,4800,6800,9200,12000,15200,18800,22800,0,1,1205,0,444,0,20,0,-1,10,10,0,0,-1,-1,0,0,0,0,0,0,0,0,0,0,0,0,0,0,0,0,0,0,0,0,0,0,30,50,0,0,0,0,0,2,0,			//ミスターニンジャ
0,0,7800,9800,14800,21800,42500,64300,93200,118000,197400,513500,2,4,4616,0,1000000,3,20,19,-1,10,10,0,0,-1,-1,0,0,0,0,0,0,0,0,0,0,0,0,0,0,0,0,0,0,0,0,0,0,30,50,70,0,0,0,0,2,-1,			//ハルシュト
0,0,7800,9800,14800,21800,42500,64300,93200,118000,197400,513500,2,4,4617,0,1000000,3,20,19,-1,10,10,0,0,-1,-1,0,0,0,0,0,0,0,0,0,0,0,0,0,0,0,0,0,0,0,0,0,0,30,50,70,0,0,0,0,2,-1,			//コーネリア
0,0,7800,9800,14800,21800,42500,64300,93200,118000,197400,513500,2,4,4618,0,1000000,3,20,19,-1,10,10,0,0,-1,-1,0,0,0,0,0,0,0,0,0,0,0,0,0,0,0,0,0,0,0,0,0,0,30,50,70,0,0,0,0,2,-1,			//ユーヴェンス
0,0,7800,9800,14800,21800,42500,64300,93200,118000,197400,513500,2,4,4619,0,1000000,3,20,19,-1,10,10,0,0,-1,-1,0,0,0,0,0,0,0,0,0,0,0,0,0,0,0,0,0,0,0,0,0,0,30,50,70,0,0,0,0,2,-1,			//ミスティカ
0,0,6250,8200,12400,17800,24800,42400,64500,93000,148000,298000,2,3,3612,0,478000,2,20,19,-1,10,10,0,0,-1,-1,0,0,0,0,0,0,0,0,0,0,0,0,0,0,0,0,0,0,0,0,0,0,30,50,70,0,0,0,0,2,-1,			//アロイス
0,0,6250,8200,12400,17800,24800,42400,64500,93000,148000,298000,2,3,3613,0,478000,2,20,19,-1,10,10,0,0,-1,-1,0,0,0,0,0,0,0,0,0,0,0,0,0,0,0,0,0,0,0,0,0,0,30,50,70,0,0,0,0,2,-1,			//シトルイユ
0,0,1500,2000,3200,4800,6800,9200,12000,15200,18800,22800,0,1,1152,0,444,1,20,0,-1,10,10,10192,0,-1,-1,0,0,0,0,0,0,0,0,0,0,0,0,0,0,0,0,0,0,0,0,0,0,30,50,0,0,0,0,0,2,-1,			//ティティ
0,0,50,100,3100,7100,12100,18100,25100,33100,42100,52100,0,1,1175,0,999,0,20,0,-1,10,10,0,0,-1,-1,0,0,0,0,0,0,0,0,0,0,0,0,0,0,0,0,0,0,0,0,0,0,30,50,0,0,0,0,0,2,-1,			//山岡実乃里
0,0,50,100,3100,7100,12100,18100,25100,33100,42100,52100,0,1,1176,0,999,0,20,0,-1,10,10,0,0,-1,-1,0,0,0,0,0,0,0,0,0,0,0,0,0,0,0,0,0,0,0,0,0,0,30,50,0,0,0,0,0,2,-1,			//中村奏絵
0,0,7800,9800,14800,21800,42500,64300,93200,118000,197400,513500,2,4,4125,0,1000000,3,20,9,-1,10,10,15195,0,30,-1,1000000,38,2,35,3,37,8,39,7,40,4,0,0,0,0,0,0,0,0,0,0,0,30,50,70,0,0,0,0,2,0,			//アキラ
0,0,7800,9800,14800,21800,42500,64300,93200,118000,197400,513500,2,4,4127,0,1000000,3,20,9,-1,10,10,15196,0,30,-1,1000000,38,3,35,6,37,6,39,2,40,3,0,0,0,0,0,0,0,0,0,0,0,30,50,70,0,0,0,0,2,0,			//西園寺メカ子
0,0,7800,9800,14800,21800,42500,64300,93200,118000,197400,513500,2,4,4129,0,1000000,3,20,9,-1,10,10,0,0,-1,-1,0,0,0,0,0,0,0,0,0,0,0,0,0,0,0,0,0,0,0,0,0,0,30,50,70,0,0,0,0,2,0,			//キャットマンダディ
0,0,5000,8000,12200,17800,24800,33200,43000,54200,66800,80800,2,2,2018,0,112500,1,20,9,-1,10,10,15198,0,30,-1,200000,33,3,30,2,31,2,34,1,37,2,0,0,0,0,0,0,0,0,0,0,0,30,50,80,0,0,0,0,2,0,			//サイキックネコ
0,0,5000,8000,12200,17800,24800,33200,43000,54200,66800,80800,2,2,2019,0,112500,1,20,9,-1,10,10,15199,0,30,-1,200000,30,2,31,1,32,2,34,3,38,2,0,0,0,0,0,0,0,0,0,0,0,30,50,80,0,0,0,0,2,0,			//ねこ陰陽師
0,0,6250,8200,12400,17800,24800,42400,64500,93000,148000,298000,2,3,3111,0,478000,2,20,9,-1,10,10,15200,0,30,-1,500000,38,1,35,2,37,4,39,1,40,1,0,0,0,0,0,0,0,0,0,0,0,30,50,70,0,0,0,0,2,0,			//ネコサーファー
0,0,7800,9800,14800,21800,42500,64300,93200,118000,197400,513500,2,3,3014,0,777777,2,20,0,-1,10,10,0,0,-1,-1,0,0,0,0,0,0,0,0,0,0,0,0,0,0,0,0,0,0,0,0,0,0,21,20,0,0,0,0,0,0,0,			//メタルネコ
0,0,5000,8000,12200,17800,24800,33200,43000,54200,66800,80800,0,2,2505,0,112500,1,20,0,-1,10,10,0,0,-1,-1,0,0,0,0,0,0,0,0,0,0,0,0,0,0,0,0,0,0,0,0,0,0,30,50,0,0,0,0,0,2,0,			//ドラムメニャー
0,0,700,1300,2200,3400,4900,6700,8800,11200,13900,16900,0,1,1207,0,444,0,20,0,-1,10,10,0,0,-1,-1,0,0,0,0,0,0,0,0,0,0,0,0,0,0,0,0,0,0,0,0,0,0,30,50,0,0,0,0,0,2,-1,			//小籠包にゃんこ
0,0,7800,9800,14800,21800,42500,64300,93200,118000,197400,513500,2,4,4110,0,1000000,3,20,9,-1,10,10,15204,0,30,-1,1000000,38,3,35,3,37,6,39,6,40,3,0,0,0,0,0,0,0,0,0,0,0,30,50,70,0,0,0,0,2,0,			//カチカチヤマンズ
0,0,400,700,1100,1700,2400,3200,4200,5400,6700,8200,0,1,1210,0,444,1,20,0,-1,10,10,0,0,-1,-1,0,0,0,0,0,0,0,0,0,0,0,0,0,0,0,0,0,0,0,0,0,0,30,50,0,0,0,0,0,2,-1,			//アイルー
0,0,4375,5740,8680,12460,17360,29680,45150,65100,103600,208600,2,1,1211,0,10000,2,20,10,-1,10,10,0,0,-1,-1,0,0,0,0,0,0,0,0,0,0,0,0,0,0,0,0,0,0,0,0,0,0,30,50,10,0,0,0,0,2,-1,			//シェリア【キリン】
0,0,5460,6860,10360,15260,29750,45010,65240,82600,138180,359450,2,1,1212,0,100000,3,20,10,-1,10,10,0,0,-1,-1,0,0,0,0,0,0,0,0,0,0,0,0,0,0,0,0,0,0,0,0,0,0,30,50,10,0,0,0,0,2,-1,			//リオレウス
0,0,5460,6860,10360,15260,29750,45010,65240,82600,138180,359450,2,1,1213,0,100000,3,20,10,-1,10,10,0,0,-1,-1,0,0,0,0,0,0,0,0,0,0,0,0,0,0,0,0,0,0,0,0,0,0,30,50,10,0,0,0,0,2,-1,			//リオレイア
0,0,4375,5740,8680,12460,17360,29680,45150,65100,103600,208600,2,1,1214,0,10000,2,20,10,-1,10,10,0,0,-1,-1,0,0,0,0,0,0,0,0,0,0,0,0,0,0,0,0,0,0,0,0,0,0,30,50,10,0,0,0,0,2,-1,			//キリンネコ
0,0,140,280,490,770,1120,1540,2030,2590,3220,3920,2,1,1900,0,1000,1,20,30,-1,10,10,10210,0,-1,-1,0,0,0,0,0,0,0,0,0,0,0,0,0,0,0,0,0,0,0,0,0,0,30,50,30,0,0,0,0,2,0,			//ちびネコ
0,0,280,490,1120,1960,3010,4270,5740,7420,9310,11410,2,1,1901,0,1000,1,20,30,-1,10,10,10211,0,-1,-1,0,0,0,0,0,0,0,0,0,0,0,0,0,0,0,0,0,0,0,0,0,0,30,50,30,0,0,0,0,2,0,			//ちびタンクネコ
0,0,420,630,1260,2100,3150,4410,5880,7560,9450,11550,2,1,1902,0,1000,1,20,30,-1,10,10,10212,0,-1,-1,0,0,0,0,0,0,0,0,0,0,0,0,0,0,0,0,0,0,0,0,0,0,30,50,30,0,0,0,0,2,0,			//ちびバトルネコ
0,0,7800,9800,14800,21800,42500,64300,93200,118000,197400,513500,2,4,4131,0,1000000,3,20,9,-1,10,10,15213,0,30,-1,1000000,35,4,36,6,37,6,39,2,40,3,0,0,0,0,0,0,0,0,0,0,0,30,50,70,0,0,0,0,2,0,			//ホワイトラビット
0,0,700,1300,2200,3400,4900,6700,8800,11200,13900,16900,0,1,1209,0,444,0,20,0,-1,10,10,10214,0,-1,-1,0,0,0,0,0,0,0,0,0,0,0,0,0,0,0,0,0,0,0,0,0,0,30,50,0,0,0,0,0,2,0,			//214
0,0,1500,2000,3200,4800,6800,9200,12000,15200,18800,22800,0,2,2640,0,444,1,20,0,-1,10,10,0,0,-1,-1,0,0,0,0,0,0,0,0,0,0,0,0,0,0,0,0,0,0,0,0,0,0,30,50,0,0,0,0,0,2,0,			//百太郎
0,0,5000,8000,12200,17800,24800,33200,43000,54200,66800,80800,2,2,2641,0,112500,1,20,19,-1,10,10,0,0,-1,-1,0,0,0,0,0,0,0,0,0,0,0,0,0,0,0,0,0,0,0,0,0,0,30,50,80,0,0,0,0,2,0,			//マルコ
0,0,5000,8000,12200,17800,24800,33200,43000,54200,66800,80800,2,2,2642,0,112500,1,20,19,-1,10,10,0,0,-1,-1,0,0,0,0,0,0,0,0,0,0,0,0,0,0,0,0,0,0,0,0,0,0,30,50,80,0,0,0,0,2,0,			//ターマ
0,0,5000,8000,12200,17800,24800,33200,43000,54200,66800,80800,2,2,2643,0,112500,1,20,19,-1,10,10,0,0,-1,-1,0,0,0,0,0,0,0,0,0,0,0,0,0,0,0,0,0,0,0,0,0,0,30,50,80,0,0,0,0,2,0,			//エリ
0,0,5000,8000,12200,17800,24800,33200,43000,54200,66800,80800,2,2,2644,0,112500,1,20,19,-1,10,10,0,0,-1,-1,0,0,0,0,0,0,0,0,0,0,0,0,0,0,0,0,0,0,0,0,0,0,30,50,80,0,0,0,0,2,0,			//フィオ
0,0,6250,8200,12400,17800,24800,42400,64500,93000,148000,298000,2,3,3625,0,478000,2,20,19,-1,10,10,0,0,-1,-1,0,0,0,0,0,0,0,0,0,0,0,0,0,0,0,0,0,0,0,0,0,0,30,50,70,0,0,0,0,2,0,			//SV-001
0,0,6250,8200,12400,17800,24800,42400,64500,93000,148000,298000,2,3,3630,0,478000,2,20,19,-1,10,10,0,0,-1,-1,0,0,0,0,0,0,0,0,0,0,0,0,0,0,0,0,0,0,0,0,0,0,30,50,70,0,0,0,0,2,0,			//アレン・オニール
0,0,5000,8000,12200,17800,24800,33200,43000,54200,66800,80800,2,2,2655,0,112500,1,20,19,-1,10,10,0,0,-1,-1,0,0,0,0,0,0,0,0,0,0,0,0,0,0,0,0,0,0,0,0,0,0,30,50,80,0,0,0,0,2,0,			//マーズピープル
0,0,7800,9800,14800,21800,42500,64300,93200,118000,197400,513500,2,4,4635,0,1000000,3,20,19,-1,10,10,0,0,-1,-1,0,0,0,0,0,0,0,0,0,0,0,0,0,0,0,0,0,0,0,0,0,0,30,50,70,0,0,0,0,2,0,			//ヒュージハーミット
0,0,7800,9800,14800,21800,42500,64300,93200,118000,197400,513500,2,4,4636,0,1000000,3,20,19,-1,10,10,0,0,-1,-1,0,0,0,0,0,0,0,0,0,0,0,0,0,0,0,0,0,0,0,0,0,0,30,50,70,0,0,0,0,2,0,			//ジュピターキング
0,0,7800,9800,14800,21800,42500,64300,93200,118000,197400,513500,2,4,4637,0,1000000,3,20,19,-1,10,10,0,0,-1,-1,0,0,0,0,0,0,0,0,0,0,0,0,0,0,0,0,0,0,0,0,0,0,30,50,70,0,0,0,0,2,0,			//モーデン元帥
0,0,7800,9800,14800,21800,42500,64300,93200,118000,197400,513500,2,4,4638,0,1000000,3,20,19,-1,10,10,0,0,-1,-1,0,0,0,0,0,0,0,0,0,0,0,0,0,0,0,0,0,0,0,0,0,0,30,50,70,0,0,0,0,2,0,			//ハイドゥ
0,0,7800,9800,14800,21800,42500,64300,93200,118000,197400,513500,2,4,4133,0,1000000,3,20,9,-1,10,10,15227,0,30,-1,1000000,38,3,36,2,37,8,39,4,40,3,0,0,0,0,0,0,0,0,0,0,0,30,50,70,0,0,0,0,2,0,			//呪術師デスピエロ
0,0,5000,8000,12200,17800,24800,33200,43000,54200,66800,80800,0,2,2215,0,444,1,20,0,-1,10,10,0,0,-1,-1,0,0,0,0,0,0,0,0,0,0,0,0,0,0,0,0,0,0,0,0,0,0,30,50,0,0,0,0,0,2,0,			//にゃんぷきん
0,0,6250,8200,12400,17800,24800,42400,64500,93000,148000,298000,2,3,3019,0,478000,2,20,9,-1,10,10,0,0,-1,-1,0,0,0,0,0,0,0,0,0,0,0,0,0,0,0,0,0,0,0,0,0,0,30,50,70,0,0,0,0,2,0,			//ハロウィンねねこ
0,0,7800,9800,14800,21800,42500,64300,93200,118000,197400,513500,2,4,4051,0,1000000,3,20,9,-1,10,10,0,0,-1,-1,0,0,0,0,0,0,0,0,0,0,0,0,0,0,0,0,0,0,0,0,0,0,30,50,70,0,0,0,0,2,0,			//ウィンディスイート
0,0,7800,9800,14800,21800,42500,64300,93200,118000,197400,513500,2,4,4053,0,1000000,3,20,9,-1,10,10,0,0,-1,-1,0,0,0,0,0,0,0,0,0,0,0,0,0,0,0,0,0,0,0,0,0,0,30,50,70,0,0,0,0,2,0,			//デビルサンディア
0,0,1500,2000,3200,4800,6800,9200,12000,15200,18800,22800,0,1,1220,0,444,1,20,0,-1,10,10,0,0,-1,-1,0,0,0,0,0,0,0,0,0,0,0,0,0,0,0,0,0,0,0,0,0,0,30,50,0,0,0,0,0,2,-1,			//おでん
0,0,5000,8000,12200,17800,24800,33200,43000,54200,66800,80800,2,2,2660,0,112500,1,20,19,-1,10,10,0,0,-1,-1,0,0,0,0,0,0,0,0,0,0,0,0,0,0,0,0,0,0,0,0,0,0,30,50,80,0,0,0,0,2,-1,			//光の神徒ヴァルキリー
0,0,5000,8000,12200,17800,24800,33200,43000,54200,66800,80800,2,2,2661,0,112500,1,20,19,-1,10,10,0,0,-1,-1,0,0,0,0,0,0,0,0,0,0,0,0,0,0,0,0,0,0,0,0,0,0,30,50,80,0,0,0,0,2,-1,			//神徒ブリュンヒルデ
0,0,5000,8000,12200,17800,24800,33200,43000,54200,66800,80800,2,2,2662,0,112500,1,20,19,-1,10,10,0,0,-1,-1,0,0,0,0,0,0,0,0,0,0,0,0,0,0,0,0,0,0,0,0,0,0,30,50,80,0,0,0,0,2,-1,			//神徒スルズ
0,0,6250,8200,12400,17800,24800,42400,64500,93000,148000,298000,2,3,3635,0,478000,2,20,19,-1,10,10,0,0,-1,-1,0,0,0,0,0,0,0,0,0,0,0,0,0,0,0,0,0,0,0,0,0,0,30,50,70,0,0,0,0,2,-1,			//豊穣の女神フレイヤ
0,0,7800,9800,14800,21800,42500,64300,93200,118000,197400,513500,2,4,4645,0,1000000,3,20,19,-1,10,10,0,0,-1,-1,0,0,0,0,0,0,0,0,0,0,0,0,0,0,0,0,0,0,0,0,0,0,30,50,70,0,0,0,0,2,-1,			//軍神オーディン
0,0,6250,8200,12400,17800,24800,42400,64500,93000,148000,298000,2,3,3050,0,478000,2,20,9,-1,10,10,0,0,-1,-1,0,0,0,0,0,0,0,0,0,0,0,0,0,0,0,0,0,0,0,0,0,0,30,50,70,0,0,0,0,2,0,			//おかめはちもくネコ
0,0,6250,8200,12400,17800,24800,42400,64500,93000,148000,298000,2,3,3051,0,478000,2,20,9,-1,10,10,0,0,-1,-1,0,0,0,0,0,0,0,0,0,0,0,0,0,0,0,0,0,0,0,0,0,0,30,50,70,0,0,0,0,2,0,			//ボンボンネコ
0,0,6250,8200,12400,17800,24800,42400,64500,93000,148000,298000,2,3,3052,0,478000,2,20,9,-1,10,10,0,0,-1,-1,0,0,0,0,0,0,0,0,0,0,0,0,0,0,0,0,0,0,0,0,0,0,30,50,70,0,0,0,0,2,0,			//見習いスニャイパー
0,0,7800,9800,14800,21800,42500,64300,93200,118000,197400,513500,2,4,4910,0,1000000,3,20,9,-1,10,10,15241,0,30,-1,1000000,35,5,36,5,37,6,39,5,40,2,0,0,0,0,0,0,0,0,0,0,0,30,50,70,0,0,0,0,2,0,			//トゲルガ
0,0,7800,9800,14800,21800,42500,64300,93200,118000,197400,513500,2,4,4057,0,1000000,3,20,9,-1,10,10,0,0,-1,-1,0,0,0,0,0,0,0,0,0,0,0,0,0,0,0,0,0,0,0,0,0,0,30,50,70,0,0,0,0,2,0,			//雪だるまのスノーカイ
0,0,7800,9800,14800,21800,42500,64300,93200,118000,197400,513500,2,4,4055,0,1000000,3,20,9,-1,10,10,0,0,-1,-1,0,0,0,0,0,0,0,0,0,0,0,0,0,0,0,0,0,0,0,0,0,0,30,50,70,0,0,0,0,2,0,			//サンタのメリークウ
0,0,7800,9800,14800,21800,42500,64300,93200,118000,197400,513500,2,4,4060,0,1000000,3,20,9,-1,10,10,0,0,-1,-1,0,0,0,0,0,0,0,0,0,0,0,0,0,0,0,0,0,0,0,0,0,0,30,50,70,0,0,0,0,2,0,			//聖夜のシスターカッパー
0,0,5000,8000,12200,17800,24800,33200,43000,54200,66800,80800,0,2,2216,0,444,1,20,0,-1,10,10,0,0,-1,-1,0,0,0,0,0,0,0,0,0,0,0,0,0,0,0,0,0,0,0,0,0,0,30,50,0,0,0,0,0,2,0,			//ネコのプレゼント
0,0,490,910,1540,2380,3430,4690,6160,7840,9730,11830,2,1,1903,0,1000,1,20,30,-1,10,10,10246,0,-1,-1,0,0,0,0,0,0,0,0,0,0,0,0,0,0,0,0,0,0,0,0,0,0,30,50,30,0,0,0,0,2,0,			//ちびキモネコ
0,0,560,1050,1680,2520,3570,4830,6300,7980,9870,11970,2,1,1904,0,1000,1,20,30,-1,10,10,10247,0,-1,-1,0,0,0,0,0,0,0,0,0,0,0,0,0,0,0,0,0,0,0,0,0,0,30,50,30,0,0,0,0,2,0,			//ちびウシネコ
0,0,630,1400,2240,3360,4760,6440,8400,10640,13160,15960,2,1,1905,0,1000,1,20,30,-1,10,10,10248,0,-1,-1,0,0,0,0,0,0,0,0,0,0,0,0,0,0,0,0,0,0,0,0,0,0,30,50,30,0,0,0,0,2,0,			//ちびネコノトリ
0,0,1500,2000,3200,4800,6800,9200,12000,15200,18800,22800,0,1,1255,0,444,0,20,0,-1,10,10,0,0,-1,-1,0,0,0,0,0,0,0,0,0,0,0,0,0,0,0,0,0,0,0,0,0,0,30,50,0,0,0,0,0,2,-1,			//死にたてにゃんこ
0,0,1500,2000,3200,4800,6800,9200,12000,15200,18800,22800,0,2,2670,0,444,1,20,0,-1,10,10,10250,0,-1,-1,0,0,0,0,0,0,0,0,0,0,0,0,0,0,0,0,0,0,0,0,0,0,30,50,0,0,0,0,0,2,-1,			//剣士
0,0,1500,2000,3200,4800,6800,9200,12000,15200,18800,22800,0,2,2671,0,444,1,20,0,-1,10,10,10251,0,-1,-1,0,0,0,0,0,0,0,0,0,0,0,0,0,0,0,0,0,0,0,0,0,0,30,50,0,0,0,0,0,2,-1,			//騎馬兵
0,0,1500,2000,3200,4800,6800,9200,12000,15200,18800,22800,0,2,2672,0,444,1,20,0,-1,10,10,10252,0,-1,-1,0,0,0,0,0,0,0,0,0,0,0,0,0,0,0,0,0,0,0,0,0,0,30,50,0,0,0,0,0,2,-1,			//アシュラ
0,0,1500,2000,3200,4800,6800,9200,12000,15200,18800,22800,0,2,2673,0,444,1,20,0,-1,10,10,10253,0,-1,-1,0,0,0,0,0,0,0,0,0,0,0,0,0,0,0,0,0,0,0,0,0,0,30,50,0,0,0,0,0,2,-1,			//バトルバルーン
0,0,1500,2000,3200,4800,6800,9200,12000,15200,18800,22800,0,2,2674,0,444,1,20,0,-1,10,10,10254,0,-1,-1,0,0,0,0,0,0,0,0,0,0,0,0,0,0,0,0,0,0,0,0,0,0,30,50,0,0,0,0,0,2,-1,			//ドラゴンライダー
0,0,1500,2000,3200,4800,6800,9200,12000,15200,18800,22800,0,2,2675,0,444,1,20,0,-1,10,10,10255,0,-1,-1,0,0,0,0,0,0,0,0,0,0,0,0,0,0,0,0,0,0,0,0,0,0,30,50,0,0,0,0,0,2,-1,			//プリティキャット
0,0,1500,2000,3200,4800,6800,9200,12000,15200,18800,22800,0,2,2676,0,444,1,20,0,-1,10,10,10256,0,-1,-1,0,0,0,0,0,0,0,0,0,0,0,0,0,0,0,0,0,0,0,0,0,0,30,50,0,0,0,0,0,2,-1,			//サイクロプス
0,0,1500,2000,3200,4800,6800,9200,12000,15200,18800,22800,0,1,1230,0,444,0,20,0,-1,10,10,10257,0,-1,-1,0,0,0,0,0,0,0,0,0,0,0,0,0,0,0,0,0,0,0,0,0,0,30,50,0,0,0,0,0,2,-1,			//ゴーレム
0,0,7800,9800,14800,21800,42500,64300,93200,118000,197400,513500,2,4,4150,0,1000000,3,20,9,-1,10,10,0,0,-1,-1,0,0,0,0,0,0,0,0,0,0,0,0,0,0,0,0,0,0,0,0,0,0,30,50,70,0,0,0,0,2,0,			//天空神ゼウス
0,0,7800,9800,14800,21800,42500,64300,93200,118000,197400,513500,2,4,4152,0,1000000,3,20,9,-1,10,10,0,0,-1,-1,0,0,0,0,0,0,0,0,0,0,0,0,0,0,0,0,0,0,0,0,0,0,30,50,70,0,0,0,0,2,0,			//守護神アヌビス
0,0,7800,9800,14800,21800,42500,64300,93200,118000,197400,513500,2,4,4154,0,1000000,3,20,9,-1,10,10,0,0,-1,-1,0,0,0,0,0,0,0,0,0,0,0,0,0,0,0,0,0,0,0,0,0,0,30,50,70,0,0,0,0,2,0,			//美女神アフロディーテ
0,0,6250,8200,12400,17800,24800,42400,64500,93000,148000,298000,0,3,3550,0,444,2,20,0,-1,10,10,0,0,-1,-1,0,0,0,0,0,0,0,0,0,0,0,0,0,0,0,0,0,0,0,0,0,0,30,50,0,0,0,0,0,2,0,			//ネコウェイ
0,0,7800,9800,14800,21800,42500,64300,93200,118000,197400,513500,2,4,4135,0,1000000,3,20,9,-1,10,10,0,0,-1,-1,0,0,0,0,0,0,0,0,0,0,0,0,0,0,0,0,0,0,0,0,0,0,30,50,70,0,0,0,0,2,0,			//天誅ハヤブサ
0,0,4375,5740,8680,12460,17360,29680,45150,65100,103600,208600,2,1,1235,0,30000,3,20,10,-1,10,10,0,0,-1,-1,0,0,0,0,0,0,0,0,0,0,0,0,0,0,0,0,0,0,0,0,0,0,30,50,10,0,0,0,0,2,-1,			//ニャームス
0,0,3500,5600,8540,12460,17360,23240,30100,37940,46760,56560,2,1,1236,0,10000,2,20,10,-1,10,10,0,0,-1,-1,0,0,0,0,0,0,0,0,0,0,0,0,0,0,0,0,0,0,0,0,0,0,30,50,10,0,0,0,0,2,-1,			//ポチ
0,0,3500,5600,8540,12460,17360,23240,30100,37940,46760,56560,2,1,1237,0,10000,2,20,10,-1,10,10,0,0,-1,-1,0,0,0,0,0,0,0,0,0,0,0,0,0,0,0,0,0,0,0,0,0,0,30,50,10,0,0,0,0,2,-1,			//クロミ
0,0,3500,5600,8540,12460,17360,23240,30100,37940,46760,56560,2,1,1238,0,10000,2,20,10,-1,10,10,0,0,-1,-1,0,0,0,0,0,0,0,0,0,0,0,0,0,0,0,0,0,0,0,0,0,0,30,50,10,0,0,0,0,2,-1,			//せつ子
0,0,4375,5740,8680,12460,17360,29680,45150,65100,103600,208600,2,1,1239,0,30000,3,20,10,-1,10,10,0,0,-1,-1,0,0,0,0,0,0,0,0,0,0,0,0,0,0,0,0,0,0,0,0,0,0,30,50,10,0,0,0,0,2,-1,			//ねば～る君
0,0,6250,8200,12400,17800,24800,42400,64500,93000,148000,298000,0,3,3551,0,444,2,20,0,-1,10,10,0,0,-1,-1,0,0,0,0,0,0,0,0,0,0,0,0,0,0,0,0,0,0,0,0,0,0,30,50,0,0,0,0,0,2,0,			//ネコタイフーン
0,0,7800,9800,14800,21800,42500,64300,93200,118000,197400,513500,0,1,1934,0,999,3,20,0,-1,10,10,16269,0,30,-1,1000000,31,10,36,10,40,5,42,1,0,0,0,0,0,0,0,0,0,0,0,0,0,30,40,0,0,0,0,0,2,0,			//ネコずきんミーニャ
0,0,7800,9800,14800,21800,42500,64300,93200,118000,197400,513500,2,4,4934,0,1000000,3,20,9,-1,10,10,0,0,-1,-1,0,0,0,0,0,0,0,0,0,0,0,0,0,0,0,0,0,0,0,0,0,0,30,50,70,0,0,0,0,2,0,			//幼獣ガオ
0,0,7800,9800,14800,21800,42500,64300,93200,118000,197400,513500,2,4,4632,0,1000000,3,20,9,-1,10,10,15271,0,30,-1,1000000,35,3,36,3,40,1,0,0,0,0,0,0,0,0,0,0,0,0,0,0,0,30,50,70,0,0,0,0,2,-1,			//狂乱のユキ
0,0,7800,9800,14800,21800,42500,64300,93200,118000,197400,513500,2,4,4156,0,1000000,3,20,9,-1,10,10,0,0,-1,-1,0,0,0,0,0,0,0,0,0,0,0,0,0,0,0,0,0,0,0,0,0,0,30,50,70,200,0,0,0,2,0,			//太陽神アマテラス
0,0,7800,9800,14800,21800,42500,64300,93200,118000,197400,513500,2,4,4158,0,1000000,3,20,9,-1,10,10,0,0,-1,-1,0,0,0,0,0,0,0,0,0,0,0,0,0,0,0,0,0,0,0,0,0,0,30,50,70,0,0,0,0,2,0,			//繁栄神ガネーシャ
0,0,6250,8200,12400,17800,24800,42400,64500,93000,148000,298000,0,3,3554,0,478000,2,20,0,-1,10,10,0,0,-1,-1,0,0,0,0,0,0,0,0,0,0,0,0,0,0,0,0,0,0,0,0,0,0,30,50,0,0,0,0,0,2,50600,			//チアにゃんこ
0,0,7800,9800,14800,21800,42500,64300,93200,118000,197400,513500,2,4,4062,0,1000000,3,20,9,-1,10,10,0,0,-1,-1,0,0,0,0,0,0,0,0,0,0,0,0,0,0,0,0,0,0,0,0,0,0,30,50,70,0,0,0,0,2,0,			//トロピカルカリファ
0,0,7800,9800,14800,21800,42500,64300,93200,118000,197400,513500,2,4,4132,0,1000000,3,20,9,-1,10,10,0,0,-1,-1,0,0,0,0,0,0,0,0,0,0,0,0,0,0,0,0,0,0,0,0,0,0,30,50,70,0,0,0,0,2,0,			//真夏のホワイトラビット
0,0,6250,8200,12400,17800,24800,42400,64500,93000,148000,298000,2,3,3020,0,478000,2,20,9,-1,10,10,0,0,-1,-1,0,0,0,0,0,0,0,0,0,0,0,0,0,0,0,0,0,0,0,0,0,0,30,50,70,0,0,0,0,2,0,			//夏色ねねこ
0,0,1500,2000,3200,4800,6800,9200,12000,15200,18800,22800,0,2,2680,0,444,1,20,0,-1,10,10,0,0,-1,-1,0,0,0,0,0,0,0,0,0,0,0,0,0,0,0,0,0,0,0,0,0,0,30,50,0,0,0,0,0,2,0,			//なめこ
0,0,1500,2000,3200,4800,6800,9200,12000,15200,18800,22800,0,1,1240,0,444,0,20,0,-1,10,10,0,0,-1,-1,0,0,0,0,0,0,0,0,0,0,0,0,0,0,0,0,0,0,0,0,0,0,30,50,0,0,0,0,0,2,0,			//なめこタンク
0,0,1500,2000,3200,4800,6800,9200,12000,15200,18800,22800,0,1,1241,0,444,0,20,0,-1,10,10,0,0,-1,-1,0,0,0,0,0,0,0,0,0,0,0,0,0,0,0,0,0,0,0,0,0,0,30,50,0,0,0,0,0,2,0,			//白ネコなめこ
0,0,1500,2000,3200,4800,6800,9200,12000,15200,18800,22800,0,1,1242,0,444,0,20,0,-1,10,10,0,0,-1,-1,0,0,0,0,0,0,0,0,0,0,0,0,0,0,0,0,0,0,0,0,0,0,30,50,0,0,0,0,0,2,0,			//要塞なめこ
0,0,1500,2000,3200,4800,6800,9200,12000,15200,18800,22800,0,2,2685,0,444,1,20,0,-1,10,10,0,0,-1,-1,0,0,0,0,0,0,0,0,0,0,0,0,0,0,0,0,0,0,0,0,0,0,30,50,0,0,0,0,0,2,-1,			//ふてニャン
0,0,5000,8000,12200,17800,24800,33200,43000,54200,66800,80800,0,2,2217,0,444,1,20,0,-1,10,10,0,0,-1,-1,0,0,0,0,0,0,0,0,0,0,0,0,0,0,0,0,0,0,0,0,0,0,30,50,0,0,0,0,0,2,0,			//ネコ阿波踊り
0,0,7800,9800,14800,21800,42500,64300,93200,118000,197400,513500,2,4,4930,0,1000000,3,20,9,-1,10,10,0,0,-1,-1,0,0,0,0,0,0,0,0,0,0,0,0,0,0,0,0,0,0,0,0,0,0,30,50,70,0,0,0,0,2,0,			//猫飯拳パイパイ
0,0,6250,8200,12400,17800,24800,42400,64500,93000,148000,298000,0,3,3552,0,444,2,20,0,-1,10,10,0,0,-1,-1,0,0,0,0,0,0,0,0,0,0,0,0,0,0,0,0,0,0,0,0,0,0,30,50,0,0,0,0,0,2,0,			//ネコ特急
0,0,2000,3500,6200,9800,14300,19700,26000,33200,41300,50300,0,1,1208,0,444,0,20,0,-1,10,10,0,0,-1,-1,0,0,0,0,0,0,0,0,0,0,0,0,0,0,0,0,0,0,0,0,0,0,30,50,0,0,0,0,0,2,-1,			//狂乱の小籠包にゃんこ
0,0,7800,9800,14800,21800,42500,64300,93200,118000,197400,513500,2,4,4932,0,1000000,3,20,9,-1,10,10,0,0,-1,-1,0,0,0,0,0,0,0,0,0,0,0,0,0,0,0,0,0,0,0,0,0,0,30,50,70,0,0,0,0,2,0,			//閃雷機兵レイ
0,0,6250,8200,12400,17800,24800,42400,64500,93000,148000,298000,0,3,3553,0,444,2,20,0,-1,10,10,0,0,-1,-1,0,0,0,0,0,0,0,0,0,0,0,0,0,0,0,0,0,0,0,0,0,0,30,50,0,0,0,0,0,2,0,			//ネコ球児
0,0,7800,9800,14800,21800,42500,64300,93200,118000,197400,513500,2,4,4646,0,1000000,3,20,19,-1,10,10,0,0,-1,-1,0,0,0,0,0,0,0,0,0,0,0,0,0,0,0,0,0,0,0,0,0,0,30,50,70,0,0,0,0,2,-1,			//鹿目まどか
0,0,7800,9800,14800,21800,42500,64300,93200,118000,197400,513500,2,4,4647,0,1000000,3,20,19,-1,10,10,0,0,-1,-1,0,0,0,0,0,0,0,0,0,0,0,0,0,0,0,0,0,0,0,0,0,0,30,50,70,0,0,0,0,2,-1,			//暁美ほむら
0,0,7800,9800,14800,21800,42500,64300,93200,118000,197400,513500,2,4,4648,0,1000000,3,20,19,-1,10,10,0,0,-1,-1,0,0,0,0,0,0,0,0,0,0,0,0,0,0,0,0,0,0,0,0,0,0,30,50,70,0,0,0,0,2,-1,			//美樹さやか
0,0,7800,9800,14800,21800,42500,64300,93200,118000,197400,513500,2,4,4649,0,1000000,3,20,19,-1,10,10,0,0,-1,-1,0,0,0,0,0,0,0,0,0,0,0,0,0,0,0,0,0,0,0,0,0,0,30,50,70,0,0,0,0,2,-1,			//巴マミ
0,0,7800,9800,14800,21800,42500,64300,93200,118000,197400,513500,2,4,4650,0,1000000,3,20,19,-1,10,10,0,0,-1,-1,0,0,0,0,0,0,0,0,0,0,0,0,0,0,0,0,0,0,0,0,0,0,30,50,70,0,0,0,0,2,-1,			//佐倉杏子
0,0,6250,8200,12400,17800,24800,42400,64500,93000,148000,298000,2,3,3636,0,478000,2,20,19,-1,10,10,0,0,-1,-1,0,0,0,0,0,0,0,0,0,0,0,0,0,0,0,0,0,0,0,0,0,0,30,50,70,0,0,0,0,2,-1,			//キュゥべえ
0,0,5000,8000,12200,17800,24800,33200,43000,54200,66800,80800,2,2,2692,0,112500,1,20,19,-1,10,10,0,0,-1,-1,0,0,0,0,0,0,0,0,0,0,0,0,0,0,0,0,0,0,0,0,0,0,30,50,80,0,0,0,0,2,-1,			//ネコまどか
0,0,5000,8000,12200,17800,24800,33200,43000,54200,66800,80800,2,2,2693,0,112500,1,20,19,-1,10,10,0,0,-1,-1,0,0,0,0,0,0,0,0,0,0,0,0,0,0,0,0,0,0,0,0,0,0,30,50,80,0,0,0,0,2,-1,			//ネコほむら
0,0,5000,8000,12200,17800,24800,33200,43000,54200,66800,80800,2,2,2694,0,112500,1,20,19,-1,10,10,0,0,-1,-1,0,0,0,0,0,0,0,0,0,0,0,0,0,0,0,0,0,0,0,0,0,0,30,50,80,0,0,0,0,2,-1,			//ネコさやか
0,0,5000,8000,12200,17800,24800,33200,43000,54200,66800,80800,2,2,2695,0,112500,1,20,19,-1,10,10,0,0,-1,-1,0,0,0,0,0,0,0,0,0,0,0,0,0,0,0,0,0,0,0,0,0,0,30,50,80,0,0,0,0,2,-1,			//ネコマミ
0,0,5000,8000,12200,17800,24800,33200,43000,54200,66800,80800,2,2,2696,0,112500,1,20,19,-1,10,10,0,0,-1,-1,0,0,0,0,0,0,0,0,0,0,0,0,0,0,0,0,0,0,0,0,0,0,30,50,80,0,0,0,0,2,-1,			//ネコ杏子
0,0,1500,2000,3200,4800,6800,9200,12000,15200,18800,22800,0,2,2690,0,444,1,20,0,-1,10,10,10300,0,-1,-1,0,0,0,0,0,0,0,0,0,0,0,0,0,0,0,0,0,0,0,0,0,0,30,50,0,0,0,0,0,2,-1,			//ちびまどか
0,0,1500,2000,3200,4800,6800,9200,12000,15200,18800,22800,0,1,1245,0,444,1,20,0,-1,10,10,0,0,-1,-1,0,0,0,0,0,0,0,0,0,0,0,0,0,0,0,0,0,0,0,0,0,0,30,50,0,0,0,0,0,2,-1,			//ちびほむら
0,0,1500,2000,3200,4800,6800,9200,12000,15200,18800,22800,0,2,2691,0,444,1,20,0,-1,10,10,0,0,-1,-1,0,0,0,0,0,0,0,0,0,0,0,0,0,0,0,0,0,0,0,0,0,0,30,50,0,0,0,0,0,2,-1,			//ネコキュゥべえ
0,0,7800,9800,14800,21800,42500,64300,93200,118000,197400,513500,2,4,4001,0,1000000,3,20,9,-1,10,10,0,0,-1,-1,0,0,0,0,0,0,0,0,0,0,0,0,0,0,0,0,0,0,0,0,0,0,30,50,70,0,0,0,0,2,50500,			//ネコアイスゴースト
0,0,5000,8000,12200,17800,24800,33200,43000,54200,66800,80800,0,2,2218,0,444,1,20,0,-1,10,10,0,0,-1,-1,0,0,0,0,0,0,0,0,0,0,0,0,0,0,0,0,0,0,0,0,0,0,30,50,0,0,0,0,0,2,50500,			//ネコ屋台
0,0,7800,9800,14800,21800,42500,64300,93200,118000,197400,513500,2,4,4175,0,1000000,3,20,9,-1,10,10,0,0,-1,-1,0,0,0,0,0,0,0,0,0,0,0,0,0,0,0,0,0,0,0,0,0,0,30,50,70,0,0,0,0,2,50600,			//帝国陸軍カタパルズ
0,0,7800,9800,14800,21800,42500,64300,93200,118000,197400,513500,2,4,4177,0,1000000,3,20,9,-1,10,10,0,0,-1,-1,0,0,0,0,0,0,0,0,0,0,0,0,0,0,0,0,0,0,0,0,0,0,30,50,70,0,0,0,0,2,50600,			//古代軍船ガレーズ
0,0,7800,9800,14800,21800,42500,64300,93200,118000,197400,513500,2,4,4179,0,1000000,3,20,9,-1,10,10,0,0,-1,-1,0,0,0,0,0,0,0,0,0,0,0,0,0,0,0,0,0,0,0,0,0,0,30,50,70,0,0,0,0,2,50600,			//飛空襲撃ボンバーズ
0,0,6250,8200,12400,17800,24800,42400,64500,93000,148000,298000,2,3,3112,0,478000,2,20,9,-1,10,10,0,0,-1,-1,0,0,0,0,0,0,0,0,0,0,0,0,0,0,0,0,0,0,0,0,0,0,30,50,70,0,0,0,0,2,50600,			//ネコジャンパー
0,0,5000,8000,12200,17800,24800,33200,43000,54200,66800,80800,2,2,2020,0,112500,1,20,9,-1,10,10,0,0,-1,-1,0,0,0,0,0,0,0,0,0,0,0,0,0,0,0,0,0,0,0,0,0,0,30,50,80,0,0,0,0,2,50600,			//ネコバサミ
0,0,1500,2000,3200,4800,6800,9200,12000,15200,18800,22800,0,1,1250,0,444,1,20,0,-1,10,10,0,0,-1,-1,0,0,0,0,0,0,0,0,0,0,0,0,0,0,0,0,0,0,0,0,0,0,30,50,0,0,0,0,0,2,-1,			//ネコ博士
0,0,7800,9800,14800,21800,42500,64300,93200,118000,197400,513500,2,4,4011,0,1000000,3,20,9,-1,10,10,0,0,-1,-1,0,0,0,0,0,0,0,0,0,0,0,0,0,0,0,0,0,0,0,0,0,0,30,50,70,0,0,0,0,2,50600,			//ネコナースキャンドル
0,0,910,1750,2800,4200,5950,8050,10500,13300,16450,19950,2,1,1906,0,1000,1,20,30,-1,10,10,10312,0,-1,-1,0,0,0,0,0,0,0,0,0,0,0,0,0,0,0,0,0,0,0,0,0,0,30,50,30,0,0,0,0,2,50700,			//ちびネコフィッシュ
0,0,1260,2100,3360,5040,7140,9660,12600,15960,19740,23940,2,1,1907,0,1000,1,20,30,-1,10,10,10313,0,-1,-1,0,0,0,0,0,0,0,0,0,0,0,0,0,0,0,0,0,0,0,0,0,0,30,50,30,0,0,0,0,2,50700,			//ちびネコトカゲ
0,0,1400,2450,4340,6860,10010,13790,18200,23240,28910,35210,2,1,1908,0,1000,1,20,30,-1,10,10,10314,0,-1,-1,0,0,0,0,0,0,0,0,0,0,0,0,0,0,0,0,0,0,0,0,0,0,30,50,30,0,0,0,0,2,50700,			//ちび巨神ネコ
0,0,6250,8200,12400,17800,24800,42400,64500,93000,148000,298000,2,3,3021,0,478000,2,20,9,-1,10,10,0,0,-1,-1,0,0,0,0,0,0,0,0,0,0,0,0,0,0,0,0,0,0,0,0,0,0,30,50,70,0,0,0,0,2,50700,			//大掃除ねねこ
0,0,1500,2000,3200,4800,6800,9200,12000,15200,18800,22800,0,2,2705,0,444,1,20,0,-1,10,10,0,0,-1,-1,0,0,0,0,0,0,0,0,0,0,0,0,0,0,0,0,0,0,0,0,0,0,30,50,0,0,0,0,0,2,50700,			//ピコ太郎
0,0,7800,9800,14800,21800,42500,64300,93200,118000,197400,513500,2,4,4159,0,1000000,3,20,9,-1,10,10,0,0,-1,-1,0,0,0,0,0,0,0,0,0,0,0,0,0,0,0,0,0,0,0,0,0,0,30,50,70,0,0,0,0,2,50700,			//海王神ポセイドン
0,0,1500,2000,3200,4800,6800,9200,12000,15200,18800,22800,0,1,1260,0,444,1,20,0,-1,10,10,0,0,-1,-1,0,0,0,0,0,0,0,0,0,0,0,0,0,0,0,0,0,0,0,0,0,0,30,50,0,0,0,0,0,2,50700,			//CPAC
0,0,7800,9800,14800,21800,42500,64300,93200,118000,197400,513500,2,4,4936,0,1000000,3,20,9,-1,10,10,0,0,-1,-1,0,0,0,0,0,0,0,0,0,0,0,0,0,0,0,0,0,0,0,0,0,0,30,50,70,0,0,0,0,2,50800,			//巫女姫ミタマ
0,0,200,400,700,1100,1600,2200,2900,3700,4600,5600,0,2,2219,0,444,1,20,0,-1,10,10,0,0,-1,-1,0,0,0,0,0,0,0,0,0,0,0,0,0,0,0,0,0,0,0,0,0,0,30,50,0,0,0,0,0,2,50800,			//殺意のネコ
0,0,1500,2000,3200,4800,6800,9200,12000,15200,18800,22800,0,2,2710,0,444,1,20,0,-1,10,10,0,0,-1,-1,0,0,0,0,0,0,0,0,0,0,0,0,0,0,0,0,0,0,0,0,0,0,30,50,0,0,0,0,0,2,-1,			//321
0,0,1500,2000,3200,4800,6800,9200,12000,15200,18800,22800,0,1,1265,0,444,1,20,0,-1,10,10,0,0,-1,-1,0,0,0,0,0,0,0,0,0,0,0,0,0,0,0,0,0,0,0,0,0,0,30,50,0,0,0,0,0,2,-1,			//ナゾウサギ
0,0,7800,9800,14800,21800,42500,64300,93200,118000,197400,513500,2,4,4112,0,1000000,3,20,9,-1,10,10,0,0,-1,-1,0,0,0,0,0,0,0,0,0,0,0,0,0,0,0,0,0,0,0,0,0,0,30,50,70,0,0,0,0,2,50900,			//さるかに合戦
0,0,7800,9800,14800,21800,42500,64300,93200,118000,197400,513500,0,1,1935,0,999,3,20,0,-1,10,10,16324,0,30,-1,1000000,38,10,35,10,37,10,39,10,42,1,0,0,0,0,0,0,0,0,0,0,0,30,40,0,0,0,0,0,2,50900,			//宮木武蔵
0,0,5000,8000,12200,17800,24800,33200,43000,54200,66800,80800,0,2,2506,0,444,1,20,0,-1,10,10,0,0,-1,-1,0,0,0,0,0,0,0,0,0,0,0,0,0,0,0,0,0,0,0,0,0,0,30,50,0,0,0,0,0,2,50900,			//ネコストーン
0,0,5000,8000,12200,17800,24800,33200,43000,54200,66800,80800,2,2,2021,0,112500,1,20,9,-1,10,10,0,0,-1,-1,0,0,0,0,0,0,0,0,0,0,0,0,0,0,0,0,0,0,0,0,0,0,30,50,80,0,0,0,0,2,50900,			//ネコボクサー
0,0,7800,9800,14800,21800,42500,64300,93200,118000,197400,513500,2,4,4655,0,1000000,3,20,19,-1,10,10,0,0,-1,-1,0,0,0,0,0,0,0,0,0,0,0,0,0,0,0,0,0,0,0,0,0,0,30,50,70,0,0,0,0,2,51000,			//メビウス
0,0,6250,8200,12400,17800,24800,42400,64500,93000,148000,298000,2,3,3640,0,478000,2,20,19,-1,10,10,0,0,-1,-1,0,0,0,0,0,0,0,0,0,0,0,0,0,0,0,0,0,0,0,0,0,0,30,50,70,0,0,0,0,2,51000,			//ベリアル
0,0,5000,8000,12200,17800,24800,33200,43000,54200,66800,80800,0,1,1270,0,444,1,20,0,-1,10,10,0,0,-1,-1,0,0,0,0,0,0,0,0,0,0,0,0,0,0,0,0,0,0,0,0,0,0,30,50,0,0,0,0,0,2,51000,			//ハッピー100
0,0,5000,8000,12200,17800,24800,33200,43000,54200,66800,80800,0,2,2220,0,444,1,20,0,-1,10,10,0,0,-1,-1,0,0,0,0,0,0,0,0,0,0,0,0,0,0,0,0,0,0,0,0,0,0,30,50,0,0,0,0,0,2,51000,			//ネコエッグ
0,0,7800,9800,14800,21800,42500,64300,93200,118000,197400,513500,2,4,4036,0,1000000,3,20,9,-1,10,10,0,0,-1,-1,0,0,0,0,0,0,0,0,0,0,0,0,0,0,0,0,0,0,0,0,0,0,30,50,70,0,0,0,0,2,51000,			//上杉謙信・春
0,0,7800,9800,14800,21800,42500,64300,93200,118000,197400,513500,2,4,4134,0,1000000,3,20,9,-1,10,10,0,0,-1,-1,0,0,0,0,0,0,0,0,0,0,0,0,0,0,0,0,0,0,0,0,0,0,30,50,70,0,0,0,0,2,51000,			//道化師エッグダック
0,0,6250,8200,12400,17800,24800,42400,64500,93000,148000,298000,2,3,3022,0,478000,2,20,9,-1,10,10,0,0,-1,-1,0,0,0,0,0,0,0,0,0,0,0,0,0,0,0,0,0,0,0,0,0,0,30,50,70,0,0,0,0,2,51000,			//イースターねねこ
0,0,7800,9800,14800,21800,42500,64300,93200,118000,197400,513500,2,4,4935,0,1000000,3,20,9,-1,10,10,0,0,-1,-1,0,0,0,0,0,0,0,0,0,0,0,0,0,0,0,0,0,0,0,0,0,0,30,50,70,0,0,0,0,2,51000,			//黒獣ガオウ
0,0,7800,9800,14800,21800,42500,64300,93200,118000,197400,513500,2,4,4850,0,1000000,3,20,19,-1,10,10,0,0,-1,-1,0,0,0,0,0,0,0,0,0,0,0,0,0,0,0,0,0,0,0,0,0,0,30,50,70,0,0,0,0,2,60000,			//狐娘ヒメユリ
0,0,7800,9800,14800,21800,42500,64300,93200,118000,197400,513500,2,4,4852,0,1000000,3,20,19,-1,10,10,0,0,-1,-1,0,0,0,0,0,0,0,0,0,0,0,0,0,0,0,0,0,0,0,0,0,0,30,50,70,0,0,0,0,2,60000,			//人魚娘ルリィ
0,0,7800,9800,14800,21800,42500,64300,93200,118000,197400,513500,2,4,4854,0,1000000,3,20,19,-1,10,10,0,0,-1,-1,0,0,0,0,0,0,0,0,0,0,0,0,0,0,0,0,0,0,0,0,0,0,30,50,70,0,0,0,0,2,60000,			//ミイラ娘レイカ
0,0,7800,9800,14800,21800,42500,64300,93200,118000,197400,513500,2,4,4612,0,1000000,3,20,19,-1,10,10,0,0,-1,-1,0,0,0,0,0,0,0,0,0,0,0,0,0,0,0,0,0,0,0,0,0,0,30,50,70,0,0,0,0,2,-1,			//プリンセスケリ姫号
0,0,7800,9800,14800,21800,42500,64300,93200,118000,197400,513500,2,4,4037,0,1000000,3,20,9,-1,10,10,0,0,-1,-1,0,0,0,0,0,0,0,0,0,0,0,0,0,0,0,0,0,0,0,0,0,0,30,50,70,0,0,0,0,2,60100,			//今川義元
0,0,5000,8000,12200,17800,24800,33200,43000,54200,66800,80800,0,1,1999,0,444,1,1,0,-1,2,1,0,0,-1,-1,0,0,0,0,0,0,0,0,0,0,0,0,0,0,0,0,0,0,0,0,0,0,31,1,0,0,0,0,0,2,-1,			//にゃんこ城壁ユニット
0,0,5000,8000,12200,17800,24800,33200,43000,54200,66800,80800,0,2,2636,0,444,1,20,0,-1,10,10,0,0,-1,-1,0,0,0,0,0,0,0,0,0,0,0,0,0,0,0,0,0,0,0,0,0,0,30,50,0,0,0,0,0,2,-1,			//赤髪のゆきにゃん
0,0,7800,9800,14800,21800,42500,64300,93200,118000,197400,513500,2,4,4633,0,1000000,3,20,9,-1,10,10,15342,0,30,-1,1000000,37,3,39,3,40,1,0,0,0,0,0,0,0,0,0,0,0,0,0,0,0,30,50,70,0,0,0,0,2,-1,			//失われし世界のユキ
0,0,5000,8000,12200,17800,24800,33200,43000,54200,66800,80800,0,1,1275,0,444,1,20,0,-1,10,10,0,0,-1,-1,0,0,0,0,0,0,0,0,0,0,0,0,0,0,0,0,0,0,0,0,0,0,30,50,0,0,0,0,0,2,-1,			//ネコまねき
0,0,5000,8000,12200,17800,24800,33200,43000,54200,66800,80800,0,2,2221,0,444,1,20,0,-1,10,10,0,0,-1,-1,0,0,0,0,0,0,0,0,0,0,0,0,0,0,0,0,0,0,0,0,0,0,30,50,0,0,0,0,0,2,70100,			//なめネコ
0,0,6250,8200,12400,17800,24800,42400,64500,93000,148000,298000,2,3,3614,0,478000,2,20,19,-1,10,10,0,0,-1,-1,0,0,0,0,0,0,0,0,0,0,0,0,0,0,0,0,0,0,0,0,0,0,30,50,70,0,0,0,0,2,-1,			//オルトス
0,0,7800,9800,14800,21800,42500,64300,93200,118000,197400,513500,2,4,4620,0,1000000,3,20,19,-1,10,10,0,0,-1,-1,0,0,0,0,0,0,0,0,0,0,0,0,0,0,0,0,0,0,0,0,0,0,30,50,70,0,0,0,0,2,-1,			//ミシェリア
0,0,7800,9800,14800,21800,42500,64300,93200,118000,197400,513500,2,4,4621,0,1000000,3,20,19,-1,10,10,0,0,-1,-1,0,0,0,0,0,0,0,0,0,0,0,0,0,0,0,0,0,0,0,0,0,0,30,50,70,0,0,0,0,2,-1,			//とどめき
0,0,5000,8000,12200,17800,24800,33200,43000,54200,66800,80800,0,1,1285,0,444,1,20,0,-1,10,10,10348,0,-1,-1,0,0,0,0,0,0,0,0,0,0,0,0,0,0,0,0,0,0,0,0,0,0,30,50,0,0,0,0,0,2,-1,			//ぐでたまにゃんこ
0,0,5000,8000,12200,17800,24800,33200,43000,54200,66800,80800,2,2,2715,0,112500,1,20,19,-1,10,10,0,0,-1,-1,0,0,0,0,0,0,0,0,0,0,0,0,0,0,0,0,0,0,0,0,0,0,30,50,80,0,0,0,0,2,-1,			//ぐでたまプレート
0,0,6250,8200,12400,17800,24800,42400,64500,93000,148000,298000,2,3,3645,0,478000,2,20,19,-1,10,10,0,0,-1,-1,0,0,0,0,0,0,0,0,0,0,0,0,0,0,0,0,0,0,0,0,0,0,30,50,70,0,0,0,0,2,-1,			//ぐでぐでプリン
0,0,7800,9800,14800,21800,42500,64300,93200,118000,197400,513500,2,4,4660,0,1000000,3,20,19,-1,10,10,0,0,-1,-1,0,0,0,0,0,0,0,0,0,0,0,0,0,0,0,0,0,0,0,0,0,0,30,50,70,0,0,0,0,2,-1,			//ニセたま軍団
0,0,7800,9800,14800,21800,42500,64300,93200,118000,197400,513500,2,4,4063,0,1000000,3,20,9,-1,10,10,0,0,-1,-1,0,0,0,0,0,0,0,0,0,0,0,0,0,0,0,0,0,0,0,0,0,0,30,50,70,0,0,0,0,2,60200,			//双掌星のシシル＆コマリ
0,0,7800,9800,14800,21800,42500,64300,93200,118000,197400,513500,0,1,1950,0,999,3,20,0,-1,10,10,0,0,-1,-1,0,0,0,0,0,0,0,0,0,0,0,0,0,0,0,0,0,0,0,0,0,0,30,40,0,0,0,0,0,2,60200,			//ネコ仙人
0,0,1500,2000,3200,4800,6800,9200,12000,15200,18800,22800,0,2,2720,0,444,1,20,0,-1,10,10,0,0,-1,-1,0,0,0,0,0,0,0,0,0,0,0,0,0,0,0,0,0,0,0,0,0,0,30,50,0,0,0,0,0,2,-1,			//チョコレート
0,0,7800,9800,14800,21800,42500,64300,93200,118000,197400,513500,2,4,4058,0,1000000,3,20,9,-1,10,10,0,0,-1,-1,0,0,0,0,0,0,0,0,0,0,0,0,0,0,0,0,0,0,0,0,0,0,30,50,70,0,0,0,0,2,60300,			//常夏の果実カイ
0,0,7800,9800,14800,21800,42500,64300,93200,118000,197400,513500,2,4,4181,0,1000000,3,20,9,-1,10,10,0,0,-1,-1,0,0,0,0,0,0,0,0,0,0,0,0,0,0,0,0,0,0,0,0,0,0,30,50,70,0,0,0,0,2,60300,			//観測兵器ガリレオ
0,0,1500,2000,3200,4800,6800,9200,12000,15200,18800,22800,0,1,1287,0,444,1,20,0,-1,10,10,0,0,-1,-1,0,0,0,0,0,0,0,0,0,0,0,0,0,0,0,0,0,0,0,0,0,0,30,50,0,0,0,0,0,2,-1,			//ノラ
0,0,7800,9800,14800,21800,42500,64300,93200,118000,197400,513500,2,4,4856,0,1000000,3,20,19,-1,10,10,0,0,-1,-1,0,0,0,0,0,0,0,0,0,0,0,0,0,0,0,0,0,0,0,0,0,0,30,50,70,0,0,0,0,2,60400,			//狼娘ディル
0,0,7800,9800,14800,21800,42500,64300,93200,118000,197400,513500,2,4,4858,0,1000000,3,20,19,-1,10,10,0,0,-1,-1,0,0,0,0,0,0,0,0,0,0,0,0,0,0,0,0,0,0,0,0,0,0,30,50,70,0,0,0,0,2,60400,			//ゾンビ娘ヴェルヴェーヌ
0,0,7800,9800,14800,21800,42500,64300,93200,118000,197400,513500,2,4,4190,0,1000000,3,20,9,-1,10,10,0,0,-1,-1,0,0,0,0,0,0,0,0,0,0,0,0,0,0,0,0,0,0,0,0,0,0,30,50,70,0,0,0,0,2,60500,			//火の精霊メララ
0,0,7800,9800,14800,21800,42500,64300,93200,118000,197400,513500,2,4,4192,0,1000000,3,20,9,-1,10,10,0,0,-1,-1,0,0,0,0,0,0,0,0,0,0,0,0,0,0,0,0,0,0,0,0,0,0,30,50,70,0,0,0,0,2,60500,			//水の精霊ミズリィ
0,0,7800,9800,14800,21800,42500,64300,93200,118000,197400,513500,2,4,4194,0,1000000,3,20,9,-1,10,10,0,0,-1,-1,0,0,0,0,0,0,0,0,0,0,0,0,0,0,0,0,0,0,0,0,0,0,30,50,70,0,0,0,0,2,60500,			//風の精霊エアル
0,0,7800,9800,14800,21800,42500,64300,93200,118000,197400,513500,2,4,4665,0,1000000,3,20,19,-1,10,10,15363,0,30,-1,1000000,40,3,0,0,0,0,0,0,0,0,0,0,0,0,0,0,0,0,0,0,0,30,50,70,0,0,0,0,2,-1,			//セイバー
0,0,7800,9800,14800,21800,42500,64300,93200,118000,197400,513500,2,4,4666,0,1000000,3,20,19,-1,10,10,0,0,-1,-1,0,0,0,0,0,0,0,0,0,0,0,0,0,0,0,0,0,0,0,0,0,0,30,50,70,0,0,0,0,2,-1,			//遠坂 凛
0,0,7800,9800,14800,21800,42500,64300,93200,118000,197400,513500,2,4,4667,0,1000000,3,20,19,-1,10,10,0,0,-1,-1,0,0,0,0,0,0,0,0,0,0,0,0,0,0,0,0,0,0,0,0,0,0,30,50,70,0,0,0,0,2,-1,			//イリヤスフィール
0,0,7800,9800,14800,21800,42500,64300,93200,118000,197400,513500,2,4,4668,0,1000000,3,20,19,-1,10,10,0,0,-1,-1,0,0,0,0,0,0,0,0,0,0,0,0,0,0,0,0,0,0,0,0,0,0,30,50,70,0,0,0,0,2,-1,			//アーチャー
0,0,7800,9800,14800,21800,42500,64300,93200,118000,197400,513500,2,4,4669,0,1000000,3,20,19,-1,10,10,0,0,-1,-1,0,0,0,0,0,0,0,0,0,0,0,0,0,0,0,0,0,0,0,0,0,0,30,50,70,0,0,0,0,2,-1,			//ランサー
0,0,7800,9800,14800,21800,42500,64300,93200,118000,197400,513500,2,4,4670,0,1000000,3,20,19,-1,10,10,0,0,-1,-1,0,0,0,0,0,0,0,0,0,0,0,0,0,0,0,0,0,0,0,0,0,0,30,50,70,0,0,0,0,2,-1,			//ライダー
0,0,7800,9800,14800,21800,42500,64300,93200,118000,197400,513500,2,4,4671,0,1000000,3,20,19,-1,10,10,0,0,-1,-1,0,0,0,0,0,0,0,0,0,0,0,0,0,0,0,0,0,0,0,0,0,0,30,50,70,0,0,0,0,2,-1,			//ギルガメッシュ
0,0,1500,2000,3200,4800,6800,9200,12000,15200,18800,22800,0,1,1290,0,444,1,20,0,-1,10,10,0,0,-1,-1,0,0,0,0,0,0,0,0,0,0,0,0,0,0,0,0,0,0,0,0,0,0,30,50,0,0,0,0,0,2,-1,			//ネコセイバー
0,0,5000,8000,12200,17800,24800,33200,43000,54200,66800,80800,2,2,2726,0,112500,1,20,19,-1,10,10,0,0,-1,-1,0,0,0,0,0,0,0,0,0,0,0,0,0,0,0,0,0,0,0,0,0,0,30,50,80,0,0,0,0,2,-1,			//ネコ桜
0,0,5000,8000,12200,17800,24800,33200,43000,54200,66800,80800,2,2,2727,0,112500,1,20,19,-1,10,10,0,0,-1,-1,0,0,0,0,0,0,0,0,0,0,0,0,0,0,0,0,0,0,0,0,0,0,30,50,80,0,0,0,0,2,-1,			//ネコ凛
0,0,5000,8000,12200,17800,24800,33200,43000,54200,66800,80800,2,2,2728,0,112500,1,20,19,-1,10,10,0,0,-1,-1,0,0,0,0,0,0,0,0,0,0,0,0,0,0,0,0,0,0,0,0,0,0,30,50,80,0,0,0,0,2,-1,			//ネコイリヤ
0,0,1500,2000,3200,4800,6800,9200,12000,15200,18800,22800,0,2,2725,0,444,1,20,0,-1,10,10,0,0,-1,-1,0,0,0,0,0,0,0,0,0,0,0,0,0,0,0,0,0,0,0,0,0,0,30,50,0,0,0,0,0,2,-1,			//ちび士郎
0,0,1500,2000,3200,4800,6800,9200,12000,15200,18800,22800,0,1,1291,0,444,1,20,0,-1,10,10,0,0,-1,-1,0,0,0,0,0,0,0,0,0,0,0,0,0,0,0,0,0,0,0,0,0,0,30,50,0,0,0,0,0,2,-1,			//ちび桜
0,0,1500,2000,3200,4800,6800,9200,12000,15200,18800,22800,0,1,1295,0,444,1,20,0,-1,10,10,0,0,-1,-1,0,0,0,0,0,0,0,0,0,0,0,0,0,0,0,0,0,0,0,0,0,0,30,50,0,0,0,0,0,2,60600,			//記念ネコ
0,0,5000,8000,12200,17800,24800,33200,43000,54200,66800,80800,2,2,2022,0,112500,1,20,9,-1,10,10,0,0,-1,-1,0,0,0,0,0,0,0,0,0,0,0,0,0,0,0,0,0,0,0,0,0,0,30,50,80,0,0,0,0,2,60600,			//ネコ探査機
0,0,6250,8200,12400,17800,24800,42400,64500,93000,148000,298000,2,3,3113,0,478000,2,20,9,-1,10,10,0,0,-1,-1,0,0,0,0,0,0,0,0,0,0,0,0,0,0,0,0,0,0,0,0,0,0,30,50,70,0,0,0,0,2,60600,			//ネコフェンシング
0,0,7800,9800,14800,21800,42500,64300,93200,118000,197400,513500,2,4,4937,0,1000000,3,20,9,-1,10,10,0,0,-1,-1,0,0,0,0,0,0,0,0,0,0,0,0,0,0,0,0,0,0,0,0,0,0,30,50,70,0,0,0,0,2,60600,			//黒無垢のミタマ
0,0,5000,8000,12200,17800,24800,33200,43000,54200,66800,80800,0,2,2507,0,444,1,20,0,-1,10,10,0,0,-1,-1,0,0,0,0,0,0,0,0,0,0,0,0,0,0,0,0,0,0,0,0,0,0,30,50,0,0,0,0,0,2,60600,			//ネコバレー
0,0,7800,9800,14800,21800,42500,64300,93200,118000,197400,513500,2,4,4938,0,1000000,3,20,9,-1,10,10,0,0,-1,-1,0,0,0,0,0,0,0,0,0,0,0,0,0,0,0,0,0,0,0,0,0,0,30,50,70,0,0,0,0,2,60700,			//幼傑ダルターニャ
0,0,1500,2000,3200,4800,6800,9200,12000,15200,18800,22800,0,1,1300,0,444,1,20,0,-1,10,10,0,0,-1,-1,0,0,0,0,0,0,0,0,0,0,0,0,0,0,0,0,0,0,0,0,0,0,30,50,0,0,0,0,0,2,60700,			//ねこ農家
0,0,5000,8000,12200,17800,24800,33200,43000,54200,66800,80800,0,2,2508,0,444,1,20,0,-1,10,10,0,0,-1,-1,0,0,0,0,0,0,0,0,0,0,0,0,0,0,0,0,0,0,0,0,0,0,30,50,0,0,0,0,0,2,60700,			//ガラスネコ
0,0,7800,9800,14800,21800,42500,64300,93200,118000,197400,513500,0,1,1951,0,999,3,20,0,-1,10,10,0,0,-1,-1,0,0,0,0,0,0,0,0,0,0,0,0,0,0,0,0,0,0,0,0,0,0,30,40,0,0,0,0,0,2,60700,			//謎仮面のウララー
0,0,1500,2000,3200,4800,6800,9200,12000,15200,18800,22800,0,1,1303,0,444,1,20,0,-1,10,10,0,0,-1,-1,0,0,0,0,0,0,0,0,0,0,0,0,0,0,0,0,0,0,0,0,0,0,30,50,0,0,0,0,0,2,60800,			//氷上聡里＆ネコ
0,0,1500,2000,3200,4800,6800,9200,12000,15200,18800,22800,0,2,2735,0,444,1,20,0,-1,10,10,10386,0,-1,-1,0,0,0,0,0,0,0,0,0,0,0,0,0,0,0,0,0,0,0,0,0,0,30,50,0,0,0,0,0,2,60800,			//矢部明雄
0,0,1500,2000,3200,4800,6800,9200,12000,15200,18800,22800,0,2,2736,0,444,1,20,0,-1,10,10,0,0,-1,-1,0,0,0,0,0,0,0,0,0,0,0,0,0,0,0,0,0,0,0,0,0,0,30,50,0,0,0,0,0,2,60800,			//虹谷彩理
0,0,1500,2000,3200,4800,6800,9200,12000,15200,18800,22800,0,2,2737,0,444,1,20,0,-1,10,10,0,0,-1,-1,0,0,0,0,0,0,0,0,0,0,0,0,0,0,0,0,0,0,0,0,0,0,30,50,0,0,0,0,0,2,60800,			//紺野美崎
0,0,1500,2000,3200,4800,6800,9200,12000,15200,18800,22800,0,2,2738,0,444,1,20,0,-1,10,10,0,0,-1,-1,0,0,0,0,0,0,0,0,0,0,0,0,0,0,0,0,0,0,0,0,0,0,30,50,0,0,0,0,0,2,60800,			//片桐恋
0,0,1500,2000,3200,4800,6800,9200,12000,15200,18800,22800,0,2,2739,0,444,1,20,0,-1,10,10,0,0,-1,-1,0,0,0,0,0,0,0,0,0,0,0,0,0,0,0,0,0,0,0,0,0,0,30,50,0,0,0,0,0,2,60800,			//猫塚かりん
0,0,6250,8200,12400,17800,24800,42400,64500,93000,148000,298000,2,3,3647,0,478000,2,20,19,-1,10,10,15391,0,30,-1,500000,37,3,0,0,0,0,0,0,0,0,0,0,0,0,0,0,0,0,0,0,0,30,50,70,0,0,0,0,2,60800,			//早川あおい
0,0,6250,8200,12400,17800,24800,42400,64500,93000,148000,298000,2,3,3648,0,478000,2,20,19,-1,10,10,15392,0,30,-1,500000,39,3,0,0,0,0,0,0,0,0,0,0,0,0,0,0,0,0,0,0,0,30,50,70,0,0,0,0,2,60800,			//橘みずき
0,0,6250,8200,12400,17800,24800,42400,64500,93000,148000,298000,2,3,3649,0,478000,2,20,19,-1,10,10,15393,0,30,-1,500000,35,3,0,0,0,0,0,0,0,0,0,0,0,0,0,0,0,0,0,0,0,30,50,70,0,0,0,0,2,60800,			//六道聖
0,0,7800,9800,14800,21800,42500,64300,93200,118000,197400,513500,2,4,4675,0,1000000,3,20,19,-1,10,10,15394,0,30,-1,1000000,38,3,35,3,40,1,0,0,0,0,0,0,0,0,0,0,0,0,0,0,0,30,50,70,0,0,0,0,2,60800,			//新島早紀
0,0,7800,9800,14800,21800,42500,64300,93200,118000,197400,513500,2,4,4676,0,1000000,3,20,19,-1,10,10,15395,0,30,-1,1000000,36,3,39,3,40,1,0,0,0,0,0,0,0,0,0,0,0,0,0,0,0,30,50,70,0,0,0,0,2,60800,			//星井スバル
0,0,7800,9800,14800,21800,42500,64300,93200,118000,197400,513500,2,4,4677,0,1000000,3,20,19,-1,10,10,15396,0,30,-1,1000000,38,3,37,3,40,1,0,0,0,0,0,0,0,0,0,0,0,0,0,0,0,30,50,70,0,0,0,0,2,60800,			//小山雅
0,0,7800,9800,14800,21800,42500,64300,93200,118000,197400,513500,2,4,4085,0,1000000,3,20,9,-1,10,10,0,0,-1,-1,0,0,0,0,0,0,0,0,0,0,0,0,0,0,0,0,0,0,0,0,0,0,30,50,70,100,0,0,0,2,60800,			//古龍ガングリオン
0,0,7800,9800,14800,21800,42500,64300,93200,118000,197400,513500,2,4,4932,0,1000000,3,20,9,-1,10,10,0,0,-1,-1,0,0,0,0,0,0,0,0,0,0,0,0,0,0,0,0,0,0,0,0,0,0,30,50,70,0,0,0,0,2,60800,			//風隼さくら
0,0,1500,2000,3200,4800,6800,9200,12000,15200,18800,22800,0,1,1305,0,444,1,20,0,-1,10,10,0,0,-1,-1,0,0,0,0,0,0,0,0,0,0,0,0,0,0,0,0,0,0,0,0,0,0,30,50,0,0,0,0,0,2,-1,			//ハニトンくん
0,0,1500,2000,3200,4800,6800,9200,12000,15200,18800,22800,0,2,2745,0,444,1,20,0,-1,10,10,0,0,-1,-1,0,0,0,0,0,0,0,0,0,0,0,0,0,0,0,0,0,0,0,0,0,0,30,50,0,0,0,0,0,2,60900,			//めんトリ
0,0,1500,2000,3200,4800,6800,9200,12000,15200,18800,22800,0,1,1307,0,444,1,20,0,-1,10,10,0,0,-1,-1,0,0,0,0,0,0,0,0,0,0,0,0,0,0,0,0,0,0,0,0,0,0,30,50,0,0,0,0,0,2,60900,			//イモウト
0,0,7800,9800,14800,21800,42500,64300,93200,118000,197400,513500,2,4,4196,0,1000000,3,20,9,-1,10,10,0,0,-1,-1,0,0,0,0,0,0,0,0,0,0,0,0,0,0,0,0,0,0,0,0,0,0,30,50,70,0,0,0,0,2,60900,			//雷の精霊ボルト
0,0,1500,2000,3200,4800,6800,9200,12000,15200,18800,22800,0,2,2747,0,444,1,20,0,-1,10,10,0,0,-1,-1,0,0,0,0,0,0,0,0,0,0,0,0,0,0,0,0,0,0,0,0,0,0,30,50,0,0,0,0,0,2,61000,			//ちび碇シンジとネコ
0,0,1500,2000,3200,4800,6800,9200,12000,15200,18800,22800,0,1,1310,0,444,1,20,0,-1,10,10,0,0,-1,-1,0,0,0,0,0,0,0,0,0,0,0,0,0,0,0,0,0,0,0,0,0,0,30,50,0,0,0,0,0,2,61000,			//ネコゲンドウ＆ネコ冬月
0,0,1500,2000,3200,4800,6800,9200,12000,15200,18800,22800,0,2,2748,0,444,1,20,0,-1,10,10,0,0,-1,-1,0,0,0,0,0,0,0,0,0,0,0,0,0,0,0,0,0,0,0,0,0,0,30,50,0,0,0,0,0,2,61000,			//ネコキリン(エヴァヘッド)
0,0,1500,2000,3200,4800,6800,9200,12000,15200,18800,22800,0,1,1311,0,444,1,20,0,-1,10,10,10406,0,-1,-1,0,0,0,0,0,0,0,0,0,0,0,0,0,0,0,0,0,0,0,0,0,0,30,50,0,0,0,0,0,2,61000,			//ちび渚カヲルとネコ
0,0,5000,8000,12200,17800,24800,33200,43000,54200,66800,80800,2,2,2749,0,112500,1,20,19,-1,10,10,0,0,-1,-1,0,0,0,0,0,0,0,0,0,0,0,0,0,0,0,0,0,0,0,0,0,0,30,50,80,0,0,0,0,2,61000,			//ネコレイ
0,0,5000,8000,12200,17800,24800,33200,43000,54200,66800,80800,2,2,2750,0,112500,1,20,19,-1,10,10,0,0,-1,-1,0,0,0,0,0,0,0,0,0,0,0,0,0,0,0,0,0,0,0,0,0,0,30,50,80,0,0,0,0,2,61000,			//ネコアスカ
0,0,5000,8000,12200,17800,24800,33200,43000,54200,66800,80800,2,2,2751,0,112500,1,20,19,-1,10,10,0,0,-1,-1,0,0,0,0,0,0,0,0,0,0,0,0,0,0,0,0,0,0,0,0,0,0,30,50,80,0,0,0,0,2,61000,			//ネコマリ
0,0,6250,8200,12400,17800,24800,42400,64500,93000,148000,298000,2,3,3655,0,478000,2,20,19,-1,10,10,0,0,-1,-1,0,0,0,0,0,0,0,0,0,0,0,0,0,0,0,0,0,0,0,0,0,0,30,50,70,0,0,0,0,2,61000,			//ちび綾波レイとネコ
0,0,6250,8200,12400,17800,24800,42400,64500,93000,148000,298000,2,3,3656,0,478000,2,20,19,-1,10,10,0,0,-1,-1,0,0,0,0,0,0,0,0,0,0,0,0,0,0,0,0,0,0,0,0,0,0,30,50,70,0,0,0,0,2,61000,			//ちび式波・アスカとネコ
0,0,6250,8200,12400,17800,24800,42400,64500,93000,148000,298000,2,3,3657,0,478000,2,20,19,-1,10,10,0,0,-1,-1,0,0,0,0,0,0,0,0,0,0,0,0,0,0,0,0,0,0,0,0,0,0,30,50,70,0,0,0,0,2,61000,			//ちび真希波・マリとネコ
0,0,7800,9800,14800,21800,42500,64300,93200,118000,197400,513500,2,4,4680,0,1000000,3,20,19,-1,10,10,0,0,-1,-1,0,0,0,0,0,0,0,0,0,0,0,0,0,0,0,0,0,0,0,0,0,0,30,50,70,0,0,0,0,2,61000,			//エヴァ零号機
0,0,7800,9800,14800,21800,42500,64300,93200,118000,197400,513500,2,4,4681,0,1000000,3,20,19,-1,10,10,0,0,-1,-1,0,0,0,0,0,0,0,0,0,0,0,0,0,0,0,0,0,0,0,0,0,0,30,50,70,0,0,0,0,2,61000,			//エヴァ初号機
0,0,7800,9800,14800,21800,42500,64300,93200,118000,197400,513500,2,4,4682,0,1000000,3,20,19,-1,10,10,0,0,-1,-1,0,0,0,0,0,0,0,0,0,0,0,0,0,0,0,0,0,0,0,0,0,0,30,50,70,0,0,0,0,2,61000,			//エヴァ２号機
0,0,7800,9800,14800,21800,42500,64300,93200,118000,197400,513500,2,4,4683,0,1000000,3,20,19,-1,10,10,0,0,-1,-1,0,0,0,0,0,0,0,0,0,0,0,0,0,0,0,0,0,0,0,0,0,0,30,50,70,0,0,0,0,2,61000,			//ネコシンジ
0,0,7800,9800,14800,21800,42500,64300,93200,118000,197400,513500,2,4,4684,0,1000000,3,20,19,-1,10,10,0,0,-1,-1,0,0,0,0,0,0,0,0,0,0,0,0,0,0,0,0,0,0,0,0,0,0,30,50,70,0,0,0,0,2,61000,			//ゼロムーンオペレーターズ
0,0,7800,9800,14800,21800,42500,64300,93200,118000,197400,513500,2,4,4183,0,1000000,3,20,9,-1,10,10,0,0,-1,-1,0,0,0,0,0,0,0,0,0,0,0,0,0,0,0,0,0,0,0,0,0,0,30,50,70,0,0,0,0,2,61000,			//温泉天国テルマエ
0,0,106000,108000,110000,113000,116000,119000,123000,127000,132000,138000,0,1,1015,0,999,3,20,0,-1,10,10,0,0,-1,-1,0,0,0,0,0,0,0,0,0,0,0,0,0,0,0,0,0,0,0,0,0,0,30,50,0,0,0,0,0,2,61000,			//狂乱のもねこ
0,0,1500,2000,3200,4800,6800,9200,12000,15200,18800,22800,0,2,2755,0,444,1,20,0,-1,10,10,0,0,-1,-1,0,0,0,0,0,0,0,0,0,0,0,0,0,0,0,0,0,0,0,0,0,0,30,50,0,0,0,0,0,2,70000,			//ポコタ
0,0,1500,2000,3200,4800,6800,9200,12000,15200,18800,22800,0,2,2756,0,444,1,20,0,-1,10,10,0,0,-1,-1,0,0,0,0,0,0,0,0,0,0,0,0,0,0,0,0,0,0,0,0,0,0,30,50,0,0,0,0,0,2,70000,			//オビス
0,0,1500,2000,3200,4800,6800,9200,12000,15200,18800,22800,0,2,2757,0,444,1,20,0,-1,10,10,0,0,-1,-1,0,0,0,0,0,0,0,0,0,0,0,0,0,0,0,0,0,0,0,0,0,0,30,50,0,0,0,0,0,2,70000,			//ココ
0,0,1500,2000,3200,4800,6800,9200,12000,15200,18800,22800,0,2,2760,0,444,1,20,0,-1,10,10,0,0,-1,-1,0,0,0,0,0,0,0,0,0,0,0,0,0,0,0,0,0,0,0,0,0,0,30,50,0,0,0,0,0,2,-1,			//太秦萌＆ネコ
0,0,1500,2000,3200,4800,6800,9200,12000,15200,18800,22800,0,2,2761,0,444,1,20,0,-1,10,10,0,0,-1,-1,0,0,0,0,0,0,0,0,0,0,0,0,0,0,0,0,0,0,0,0,0,0,30,50,0,0,0,0,0,2,-1,			//松賀咲＆ネコ
0,0,1500,2000,3200,4800,6800,9200,12000,15200,18800,22800,0,2,2762,0,444,1,20,0,-1,10,10,0,0,-1,-1,0,0,0,0,0,0,0,0,0,0,0,0,0,0,0,0,0,0,0,0,0,0,30,50,0,0,0,0,0,2,-1,			//小野ミサ＆ネコ
0,0,1500,2000,3200,4800,6800,9200,12000,15200,18800,22800,0,1,1315,0,444,1,20,0,-1,10,10,0,0,-1,-1,0,0,0,0,0,0,0,0,0,0,0,0,0,0,0,0,0,0,0,0,0,0,30,50,0,0,0,0,0,2,-1,			//太秦麗＆ネコ
0,0,7800,9800,14800,21800,42500,64300,93200,118000,197400,513500,0,1,1936,0,999,3,20,0,-1,10,10,16427,0,30,-1,1000000,33,5,32,5,34,5,40,10,42,1,0,0,0,0,0,0,0,0,0,0,0,30,40,0,0,0,0,0,2,70000,			//ぶんぶんネコライダー
0,0,7800,9800,14800,21800,42500,64300,93200,118000,197400,513500,2,4,4012,0,1000000,3,20,9,-1,10,10,0,0,-1,-1,0,0,0,0,0,0,0,0,0,0,0,0,0,0,0,0,0,0,0,0,0,0,30,50,70,0,0,0,0,2,70000,			//ネコクエスト
0,0,5000,8000,12200,17800,24800,33200,43000,54200,66800,80800,2,2,2637,0,112500,1,20,19,-1,10,10,0,0,-1,-1,0,0,0,0,0,0,0,0,0,0,0,0,0,0,0,0,0,0,0,0,0,0,30,50,80,0,0,0,0,2,-1,			//そうまにゃん
0,0,6250,8200,12400,17800,24800,42400,64500,93000,148000,298000,2,3,3623,0,478000,2,20,19,-1,10,10,0,0,-1,-1,0,0,0,0,0,0,0,0,0,0,0,0,0,0,0,0,0,0,0,0,0,0,30,50,70,0,0,0,0,2,-1,			//オタネコギーク
0,0,7800,9800,14800,21800,42500,64300,93200,118000,197400,513500,2,4,4661,0,1000000,3,20,19,-1,10,10,0,0,-1,-1,0,0,0,0,0,0,0,0,0,0,0,0,0,0,0,0,0,0,0,0,0,0,30,50,70,0,0,0,0,2,-1,			//ぐでたまネコマシン
0,0,7800,9800,14800,21800,42500,64300,93200,118000,197400,513500,2,4,4137,0,1000000,3,20,9,-1,10,10,0,0,-1,-1,0,0,0,0,0,0,0,0,0,0,0,0,0,0,0,0,0,0,0,0,0,0,30,50,70,0,0,0,0,2,70100,			//ダークヒーローズ７体目
