153,152,151,150,149,148,147,146,145,61,58,56,55,52,51,50,49,48,47,46,41,40,39,38,37,36,35,34,33,32,31,30,-1,								// 0:NG【3.4.0】ALLセットネコルガ有り（3.0追加）
153,152,151,150,149,148,147,146,145,143,59,57,44,43,42,61,58,56,55,52,51,50,49,48,47,46,41,40,39,38,37,36,35,33,32,31,30,-1,						// 1:NG【3.4.0】超激ダイナマイツセット（ねこナース追加,　3.0追加）
161,160,64,65,66,67,68,-1,																		// 2:NG【4.6.0】ケリ姫ガチャ(元3.4.0。4.6.0:バナー画像追加改修）
158,153,152,151,150,149,148,147,146,145,124,125,73,72,71,61,58,56,55,52,51,50,49,48,47,46,41,40,39,38,37,36,35,33,32,31,30,-1,					// 3:NG【3.4.0】戦国武神バサラーズ（上杉(3.2)追加,　3.0追加）
159,153,152,151,150,149,148,147,146,145,107,106,105,75,76,61,58,56,55,52,51,50,49,48,47,46,41,40,39,38,37,36,35,33,32,31,30,-1,					// 4:NG【3.4.0】電脳戦隊ギャラクシーギャルズ（カリファ(3.2)追加,　3.0追加）
153,152,151,150,149,148,147,146,145,144,131,129,61,58,56,55,52,51,50,49,48,47,46,41,40,39,38,37,36,35,34,33,32,31,30,-1,						// 5:NG【3.4.0】(金ネコ,城ねこ,ねねこ)ALLセットネコルガ有り（3.0追加）
153,152,151,150,149,148,147,146,145,144,143,131,129,59,57,44,43,42,61,58,56,55,52,51,50,49,48,47,46,41,40,39,38,37,36,35,33,32,31,30,-1,				// 6:NG【3.4.0】(金ネコ,城ねこ,ねねこ)超激ダイナマイツセット（ねこナース追加,　3.0追加）
158,153,152,151,150,149,148,147,146,145,144,131,129,124,125,73,72,71,61,58,56,55,52,51,50,49,48,47,46,41,40,39,38,37,36,35,33,32,31,30,-1,				// 7:NG【3.4.0】(金ネコ,城ねこ,ねねこ)戦国武神バサラーズ（上杉(3.2)追加,　3.0追加）
159,153,152,151,150,149,148,147,146,145,144,131,129,107,106,105,75,76,61,58,56,55,52,51,50,49,48,47,46,41,40,39,38,37,36,35,33,32,31,30,-1,				// 8:NG【3.4.0】(金ネコ,城ねこ,ねねこ)電脳戦隊ギャラクシーギャルズ（カリファ(3.2)追加,　3.0追加）
153,152,151,150,149,148,147,146,145,144,131,129,84,83,87,85,86,61,58,56,55,52,51,50,49,48,47,46,41,40,39,38,37,36,35,33,32,31,30,-1,					// 9:NG【3.4.0】(金ネコ,城ねこ,ねねこ)超破壊大帝ドラゴンエンペラーズALL（3.0追加）
153,152,151,150,149,148,147,146,145,84,83,87,85,86,61,58,56,55,52,51,50,49,48,47,46,41,40,39,38,37,36,35,33,32,31,30,-1,						//10:NG【3.4.0】超破壊大帝ドラゴンエンペラーズALL（3.0追加）
153,152,151,150,149,148,147,146,145,89,61,58,56,55,52,51,50,49,48,47,46,41,40,39,38,37,36,35,33,32,31,30,-1,								//11:NG【3.4.0】拡散性ミリオアーサー、ニムエ（3.0追加）
153,152,151,150,149,148,147,146,145,90,61,58,56,55,52,51,50,49,48,47,46,41,40,39,38,37,36,35,33,32,31,30,-1,								//12:NG【3.4.0】ドラゴンポーカー、猿王（3.0追加）
110,111,112,113,114,115,116,117,118,119,-1,																//13:NG【3.4.0】メルクストーリア
136,153,152,151,150,149,148,147,146,145,124,105,87,86,76,61,58,56,55,52,51,50,49,48,47,46,43,42,41,40,39,38,37,36,35,33,32,31,30,-1,					//14:NG【3.4.0】レッドバスターズ（モモタロウ(3.2)追加,　3.0追加）
153,152,151,150,149,148,147,146,145,138,137,136,135,134,61,58,56,55,52,51,50,49,48,47,46,41,40,39,38,37,36,35,33,32,31,30,-1,						//15:NG【3.4.0】超古代勇者ウルトラソウルズ	（3.0追加）
153,152,151,150,149,148,147,146,145,144,138,137,136,135,134,131,129,61,58,56,55,52,51,50,49,48,47,46,41,40,39,38,37,36,35,33,32,31,30,-1,				//16:NG【3.4.0】(金ネコ,城ねこ,ねねこ)超古代勇者ウルトラソウルズ（3.3）
171,170,169,168,153,152,151,150,149,148,147,146,145,61,58,56,55,52,51,50,49,48,47,46,41,40,39,38,37,36,35,34,33,32,31,30,-1,						//17:NG【3.4.0】ALLセットネコルガ５体(3.4)
171,170,169,168,153,152,151,150,149,148,147,146,145,144,131,129,61,58,56,55,52,51,50,49,48,47,46,41,40,39,38,37,36,35,34,33,32,31,30,-1,				//18:NG【3.5.0】(金ネコ,城ねこ,ねねこ)ALLセットネコルガ５体
177,153,152,151,150,149,148,147,146,145,84,83,87,85,86,61,58,56,55,52,51,50,49,48,47,46,41,40,39,38,37,36,35,33,32,31,30,-1,						//19:NG【3.5.0】超破壊大帝ドラゴンエンペラーズALL
177,153,152,151,150,149,148,147,146,145,144,131,129,84,83,87,85,86,61,58,56,55,52,51,50,49,48,47,46,41,40,39,38,37,36,35,33,32,31,30,-1,				//20:NG【3.5.0】(金ネコ,城ねこ,ねねこ)超破壊大帝ドラゴンエンペラーズALL
136,153,152,151,150,149,148,147,146,145,144,131,129,124,105,87,86,76,61,58,56,55,52,51,50,49,48,47,46,43,42,41,40,39,38,37,36,35,33,32,31,30,-1,			//21:NG【3.5.0】(金ネコ,城ねこ,ねねこ)レッドバスターズ（モモタロウ(3.2)追加,　3.0追加）
174,173,153,152,151,150,149,148,147,146,145,144,131,129,61,58,56,55,52,51,50,49,48,47,46,41,40,39,38,37,36,35,33,32,31,30,-1,					//22:NG【3.5.0】(金ネコ,城ねこ,ねねこ)生きろ！マンボウ！（3.0追加）
180,153,152,151,150,149,148,147,146,145,144,131,129,61,58,56,55,52,51,50,49,48,47,46,41,40,39,38,37,36,35,33,32,31,30,-1,						//23:NG【3.6.0】(金ネコ,城ねこ,ねねこ)消滅都市
190,189,188,187,186,185,110,111,112,113,114,115,116,117,118,119,-1,													//24:  【3.8.0】メルクストーリア　第二弾
199,198,197,171,170,169,168,153,152,151,150,149,148,147,146,145,61,58,56,55,52,51,50,49,48,47,46,41,40,39,38,37,36,35,34,33,32,31,30,-1,				//25:NG【4.0.0】伝説のネコルガ族
200,199,198,197,171,170,169,168,153,152,151,150,149,148,147,146,145,144,131,129,61,58,56,55,52,51,50,49,48,47,46,41,40,39,38,37,36,35,34,33,32,31,30,-1,		//26:NG【4.0.0】『＋４キャラ』伝説のネコルガ族
199,198,197,153,152,151,150,149,148,147,146,145,143,59,57,44,43,42,61,58,56,55,52,51,50,49,48,47,46,41,40,39,38,37,36,35,33,32,31,30,-1,				//27:NG【4.0.0】超激ダイナマイツセット
200,199,198,197,153,152,151,150,149,148,147,146,145,144,143,131,129,59,57,44,43,42,61,58,56,55,52,51,50,49,48,47,46,41,40,39,38,37,36,35,33,32,31,30,-1,		//28:NG【4.0.0】『＋４キャラ』超激ダイナマイツセット
199,198,197,158,153,152,151,150,149,148,147,146,145,124,125,73,72,71,61,58,56,55,52,51,50,49,48,47,46,41,40,39,38,37,36,35,33,32,31,30,-1,				//29:NG【4.0.0】戦国武神バサラーズ 
200,199,198,197,158,153,152,151,150,149,148,147,146,145,144,131,129,124,125,73,72,71,61,58,56,55,52,51,50,49,48,47,46,41,40,39,38,37,36,35,33,32,31,30,-1,		//30:NG【4.0.0】『＋４キャラ』戦国武神バサラーズ
199,198,197,159,153,152,151,150,149,148,147,146,145,107,106,105,75,76,61,58,56,55,52,51,50,49,48,47,46,41,40,39,38,37,36,35,33,32,31,30,-1,				//31:NG【4.0.0】電脳戦隊ギャラクシーギャルズ
200,199,198,197,159,153,152,151,150,149,148,147,146,145,144,131,129,107,106,105,75,76,61,58,56,55,52,51,50,49,48,47,46,41,40,39,38,37,36,35,33,32,31,30,-1,		//32:NG【4.0.0】『＋４キャラ』戦隊ギャラクシーギャルズ
199,198,197,177,153,152,151,150,149,148,147,146,145,84,83,87,85,86,61,58,56,55,52,51,50,49,48,47,46,41,40,39,38,37,36,35,33,32,31,30,-1,				//33:NG【4.0.0】超破壊大帝ドラゴンエンペラーズ
200,199,198,197,177,153,152,151,150,149,148,147,146,145,144,131,129,84,83,87,85,86,61,58,56,55,52,51,50,49,48,47,46,41,40,39,38,37,36,35,33,32,31,30,-1,		//34:NG【4.0.0】『＋４キャラ』超破壊大帝ドラゴンエンペラーズ
199,198,197,136,153,152,151,150,149,148,147,146,145,124,105,87,86,76,61,58,56,55,52,51,50,49,48,47,46,43,42,41,40,39,38,37,36,35,33,32,31,30,-1,			//35:NG【4.0.0】レッドバスターズ
200,199,198,197,136,153,152,151,150,149,148,147,146,145,144,131,129,124,105,87,86,76,61,58,56,55,52,51,50,49,48,47,46,43,42,41,40,39,38,37,36,35,33,32,31,30,-1,	//36:NG【4.0.0】『＋４キャラ』レッドバスターズ
199,198,197,153,152,151,150,149,148,147,146,145,138,137,136,135,134,61,58,56,55,52,51,50,49,48,47,46,41,40,39,38,37,36,35,33,32,31,30,-1,				//37:NG【4.0.0】超古代勇者ウルトラソウルズ
200,199,198,197,153,152,151,150,149,148,147,146,145,144,138,137,136,135,134,131,129,61,58,56,55,52,51,50,49,48,47,46,41,40,39,38,37,36,35,33,32,31,30,-1,		//38:NG【4.0.0】『＋４キャラ』超古代勇者ウルトラソウルズ
199,198,197,196,195,194,153,152,151,150,149,148,147,146,145,61,58,56,55,52,51,50,49,48,47,46,41,40,39,38,37,36,35,33,32,31,30,-1,					//39:NG【4.0.0】ダークヒーローズ
200,199,198,197,196,195,194,153,152,151,150,149,148,147,146,145,144,131,129,61,58,56,55,52,51,50,49,48,47,46,41,40,39,38,37,36,35,33,32,31,30,-1,			//40:NG【4.0.0】『＋４キャラ』ダークヒーローズ
203,199,198,197,153,152,151,150,149,148,147,146,145,138,137,136,135,134,61,58,56,55,52,51,50,49,48,47,46,41,40,39,38,37,36,35,33,32,31,30,-1,				//41:NG【4.1.0】超古代勇者ウルトラソウルズ
203,200,199,198,197,153,152,151,150,149,148,147,146,145,144,138,137,136,135,134,131,129,61,58,56,55,52,51,50,49,48,47,46,41,40,39,38,37,36,35,33,32,31,30,-1,		//42:NG【4.1.0】『＋４キャラ』超古代勇者ウルトラソウルズ
212,199,198,197,196,195,194,153,152,151,150,149,148,147,146,145,61,58,56,55,52,51,50,49,48,47,46,41,40,39,38,37,36,35,33,32,31,30,-1,					//43:NG【4.2.0】ダークヒーローズ
212,200,199,198,197,196,195,194,153,152,151,150,149,148,147,146,145,144,131,129,61,58,56,55,52,51,50,49,48,47,46,41,40,39,38,37,36,35,33,32,31,30,-1,			//44:NG【4.2.0】『＋４キャラ』ダークヒーローズ
215,216,217,218,219,220,221,222,223,224,225,-1,															//45:  【4.3.0】メタルスラッグディフェンス
230,229,228,199,198,197,153,152,151,150,149,148,147,146,145,61,58,56,55,52,51,50,49,48,47,46,41,40,39,38,37,36,35,33,32,31,30,-1,					//46:NG【4.3.0】ハロウィン
226,212,199,198,197,196,195,194,153,152,151,150,149,148,147,146,145,61,58,56,55,52,51,50,49,48,47,46,41,40,39,38,37,36,35,33,32,31,30,-1,				//47:NG【4.3.0】ダークヒーローズ
226,212,200,199,198,197,196,195,194,153,152,151,150,149,148,147,146,145,144,131,129,61,58,56,55,52,51,50,49,48,47,46,41,40,39,38,37,36,35,33,32,31,30,-1,		//48:NG【4.3.0】『＋４キャラ』ダークヒーローズ
236,235,234,233,232,-1,																		//49:  【4.4.0】ゆるドラシル
240,199,198,197,171,170,169,168,153,152,151,150,149,148,147,146,145,61,58,56,55,52,51,50,49,48,47,46,41,40,39,38,37,36,35,34,33,32,31,30,-1,				//50:NG【4.4.0】伝説のネコルガ族
240,200,199,198,197,171,170,169,168,153,152,151,150,149,148,147,146,145,144,131,129,61,58,56,55,52,51,50,49,48,47,46,41,40,39,38,37,36,35,34,33,32,31,30,-1,		//51:NG【4.4.0】『＋４キャラ』伝説のネコルガ族
240,239,238,237,199,198,197,171,170,169,168,153,152,151,150,149,148,147,146,145,61,58,56,55,52,51,50,49,48,47,46,41,40,39,38,37,36,35,34,33,32,31,30,-1,		//52:NG【4.4.0】『支援隊入り』伝説のネコルガ族
239,238,237,199,198,197,153,152,151,150,149,148,147,146,145,143,59,57,44,43,42,61,58,56,55,52,51,50,49,48,47,46,41,40,39,38,37,36,35,33,32,31,30,-1,			//53:NG【4.4.0】『支援隊入り』超激ダイナマイツセット
239,238,237,199,198,197,158,153,152,151,150,149,148,147,146,145,124,125,73,72,71,61,58,56,55,52,51,50,49,48,47,46,41,40,39,38,37,36,35,33,32,31,30,-1,		//54:NG【4.4.0】『支援隊入り』戦国武神バサラーズ 
239,238,237,199,198,197,159,153,152,151,150,149,148,147,146,145,107,106,105,75,76,61,58,56,55,52,51,50,49,48,47,46,41,40,39,38,37,36,35,33,32,31,30,-1,		//55:NG【4.4.0】『支援隊入り』電脳戦隊ギャラクシーギャルズ
239,238,237,199,198,197,177,153,152,151,150,149,148,147,146,145,84,83,87,85,86,61,58,56,55,52,51,50,49,48,47,46,41,40,39,38,37,36,35,33,32,31,30,-1,			//56:NG【4.4.0】『支援隊入り』超破壊大帝ドラゴンエンペラーズ
212,199,198,197,136,153,152,151,150,149,148,147,146,145,124,105,87,86,76,61,58,56,55,52,51,50,49,48,47,46,43,42,41,40,39,38,37,36,35,33,32,31,30,-1,			//57:NG【4.4.0】レッドバスターズ
212,200,199,198,197,136,153,152,151,150,149,148,147,146,145,144,131,129,124,105,87,86,76,61,58,56,55,52,51,50,49,48,47,46,43,42,41,40,39,38,37,36,35,33,32,31,30,-1,	//58:NG【4.4.0】『＋４キャラ』レッドバスターズ
239,238,237,212,199,198,197,136,153,152,151,150,149,148,147,146,145,124,105,87,86,76,61,58,56,55,52,51,50,49,48,47,46,43,42,41,40,39,38,37,36,35,33,32,31,30,-1,	//59:NG【4.4.0】『支援隊入り』レッドバスターズ
239,238,237,203,199,198,197,153,152,151,150,149,148,147,146,145,138,137,136,135,134,61,58,56,55,52,51,50,49,48,47,46,41,40,39,38,37,36,35,33,32,31,30,-1,		//60:NG【4.4.0】『支援隊入り』超古代勇者ウルトラソウルズ
239,238,237,226,212,199,198,197,196,195,194,153,152,151,150,149,148,147,146,145,61,58,56,55,52,51,50,49,48,47,46,41,40,39,38,37,36,35,33,32,31,30,-1,			//61:NG【4.4.0】『支援隊入り』ダークヒーローズ
200,199,198,197,174,173,153,152,151,150,149,148,147,146,145,144,131,129,61,58,56,55,52,51,50,49,48,47,46,41,40,39,38,37,36,35,33,32,31,30,-1,			//62:  【4.4.1】『＋４キャラ』生きろ！マンボウ！
239,238,237,199,198,197,174,173,153,152,151,150,149,148,147,146,145,61,58,56,55,52,51,50,49,48,47,46,41,40,39,38,37,36,35,33,32,31,30,-1,				//63:  【4.4.1】『支援隊入り』生きろ！マンボウ！
243,242,241,199,198,197,153,152,151,150,149,148,147,146,145,61,58,56,55,52,51,50,49,48,47,46,41,40,39,38,37,36,35,33,32,31,30,-1,					//64:NG【4.5.0】クリスマス
240,226,203,200,200,199,198,197,177,159,158,153,152,151,150,149,148,147,146,145,144,144,143,131,131,129,129,61,58,56,55,52,51,50,49,48,47,46,41,40,39,38,37,36,35,33,32,31,30,-1,	//65:NG【4.5.0】『＋４キャラ』年末(+4キャラ排出確率2倍設定)
239,239,238,238,237,237,212,199,198,197,169,153,152,151,150,149,148,147,146,145,135,105,86,71,61,58,57,56,55,52,51,50,49,48,47,46,41,40,39,38,37,36,35,33,32,31,30,-1,		//66:NG【4.5.0】『支援隊入り』年始(+4キャラ排出確率2倍設定)
259,258,257,199,198,197,153,152,151,150,149,148,147,146,145,61,58,56,55,52,51,50,49,48,47,46,41,40,39,38,37,36,35,33,32,31,30,-1,					//67:NG【4.6.0】究極降臨ギガントゼウス
259,258,257,200,144,131,129,199,198,197,153,152,151,150,149,148,147,146,145,61,58,56,55,52,51,50,49,48,47,46,41,40,39,38,37,36,35,33,32,31,30,-1,			//68:NG【4.6.0】『＋４キャラ』究極降臨ギガントゼウス
259,258,257,239,238,237,199,198,197,153,152,151,150,149,148,147,146,145,61,58,56,55,52,51,50,49,48,47,46,41,40,39,38,37,36,35,33,32,31,30,-1,			//69:NG【4.6.0】『支援隊入り』究極降臨ギガントゼウス
261,226,212,199,198,197,196,195,194,153,152,151,150,149,148,147,146,145,61,58,56,55,52,51,50,49,48,47,46,41,40,39,38,37,36,35,33,32,31,30,-1,				//70:NG【4.7.0】ダークヒーローズ
261,226,212,200,199,198,197,196,195,194,153,152,151,150,149,148,147,146,145,144,131,129,61,58,56,55,52,51,50,49,48,47,46,41,40,39,38,37,36,35,33,32,31,30,-1,		//71:NG【4.7.0】『＋４キャラ』ダークヒーローズ
261,239,238,237,226,212,199,198,197,196,195,194,153,152,151,150,149,148,147,146,145,61,58,56,55,52,51,50,49,48,47,46,41,40,39,38,37,36,35,33,32,31,30,-1,		//72:NG【4.7.0】『支援隊入り』ダークヒーローズ
34,42,43,44,57,59,71,72,73,75,76,83,84,85,86,87,105,106,107,124,125,134,135,136,137,138,143,158,159,168,169,170,171,177,194,195,196,203,212,226,240,257,258,259,200,144,131,129,237,238,239,199,198,197,153,152,151,150,149,148,147,146,145,61,58,56,55,52,51,50,49,48,47,46,41,40,39,38,37,36,35,33,32,31,30,-1,		//73:NG【4.7.0】超ネコ祭（ダークヒーロズ新キャラ「なし」）
34,42,43,44,57,59,71,72,73,75,76,83,84,85,86,87,105,106,107,124,125,134,135,136,137,138,143,158,159,168,169,170,171,177,194,195,196,203,212,226,261,240,257,258,259,200,144,131,129,237,238,239,199,198,197,153,152,151,150,149,148,147,146,145,61,58,56,55,52,51,50,49,48,47,46,41,40,39,38,37,36,35,33,32,31,30,-1,	//74:NG【4.7.0】超ネコ祭（ダークヒーロズ新キャラ「あり」）
269,34,42,43,44,57,59,71,72,73,75,76,83,84,85,86,87,105,106,107,124,125,134,135,136,137,138,143,158,159,168,169,170,171,177,194,195,196,203,212,226,261,240,257,258,259,200,144,131,129,237,238,239,199,198,197,153,152,151,150,149,148,147,146,145,61,58,56,55,52,51,50,49,48,47,46,41,40,39,38,37,36,35,33,32,31,30,-1,	//75:NG【5.0.0】超ネコ祭
270,180,200,199,198,197,153,152,151,150,149,148,147,146,145,144,131,129,61,58,56,55,52,51,50,49,48,47,46,41,40,39,38,37,36,35,33,32,31,30,-1,			//76:  【5.1.0】『＋４キャラ』消滅都市
270,180,239,238,237,199,198,197,153,152,151,150,149,148,147,146,145,61,58,56,55,52,51,50,49,48,47,46,41,40,39,38,37,36,35,33,32,31,30,-1,				//77:  【5.1.0】『支援隊入り』消滅都市
271,259,258,257,199,198,197,153,152,151,150,149,148,147,146,145,61,58,56,55,52,51,50,49,48,47,46,41,40,39,38,37,36,35,33,32,31,30,-1,				//78:NG【5.1.0】究極降臨ギガントゼウス
271,259,258,257,200,144,131,129,199,198,197,153,152,151,150,149,148,147,146,145,61,58,56,55,52,51,50,49,48,47,46,41,40,39,38,37,36,35,33,32,31,30,-1,		//79:NG【5.1.0】『＋４キャラ』究極降臨ギガントゼウス
271,259,258,257,239,238,237,199,198,197,153,152,151,150,149,148,147,146,145,61,58,56,55,52,51,50,49,48,47,46,41,40,39,38,37,36,35,33,32,31,30,-1,			//80:NG【5.1.0】『支援隊入り』究極降臨ギガントゼウス
271,269,34,42,43,44,57,59,71,72,73,75,76,83,84,85,86,87,105,106,107,124,125,134,135,136,137,138,143,158,159,168,169,170,171,177,194,195,196,203,212,226,261,240,257,258,259,200,144,131,129,237,238,239,199,198,197,153,152,151,150,149,148,147,146,145,61,58,56,55,52,51,50,49,48,47,46,41,40,39,38,37,36,35,33,32,31,30,-1,	//81:NG【5.1.0】超ネコ祭
272,271,259,258,257,199,198,197,153,152,151,150,149,148,147,146,145,61,58,56,55,52,51,50,49,48,47,46,41,40,39,38,37,36,35,33,32,31,30,-1,				//82:NG【5.2.0】究極降臨ギガントゼウス
272,271,259,258,257,200,144,131,129,199,198,197,153,152,151,150,149,148,147,146,145,61,58,56,55,52,51,50,49,48,47,46,41,40,39,38,37,36,35,33,32,31,30,-1,		//83:NG【5.2.0】『＋４キャラ』究極降臨ギガントゼウス
272,271,259,258,257,239,238,237,199,198,197,153,152,151,150,149,148,147,146,145,61,58,56,55,52,51,50,49,48,47,46,41,40,39,38,37,36,35,33,32,31,30,-1,		//84:NG【5.2.0】『支援隊入り』究極降臨ギガントゼウス
276,275,274,199,198,197,153,152,151,150,149,148,147,146,145,61,58,56,55,52,51,50,49,48,47,46,41,40,39,38,37,36,35,33,32,31,30,-1,					//85:NG【5.2.0】サマーガールズ
283,269,34,168,169,170,171,240,42,43,44,57,59,143,71,72,73,124,125,158,75,76,105,106,107,159,83,84,85,86,87,177,134,135,136,137,138,203,194,195,196,212,226,261,257,258,259,271,272,-1,	//86:NG【5.4.0】『プラチナガチャ』ver5.3.0まで
286,283,269,34,168,169,170,171,240,42,43,44,57,59,143,71,72,73,124,125,158,75,76,105,106,107,159,83,84,85,86,87,177,134,135,136,137,138,203,194,195,196,212,226,261,257,258,259,271,272,-1,	//87:NG【5.4.0】『プラチナガチャ』ver5.4.0まで
272,271,269,34,42,43,44,57,59,71,72,73,75,76,83,84,85,86,87,105,106,107,124,125,134,135,136,137,138,143,158,159,168,169,170,171,177,194,195,196,203,212,226,261,240,257,258,259,200,144,131,129,237,238,239,199,198,197,153,152,151,150,149,148,147,146,145,61,58,56,55,52,51,50,49,48,47,46,41,40,39,38,37,36,35,33,32,31,30,-1,	//88:NG【5.2.0】超ネコ祭
283,212,199,198,197,136,153,152,151,150,149,148,147,146,145,124,105,87,86,76,61,58,56,55,52,51,50,49,48,47,46,43,42,41,40,39,38,37,36,35,33,32,31,30,-1,			//89:NG【5.3.0】レッドバスターズ
283,212,200,199,198,197,136,153,152,151,150,149,148,147,146,145,144,131,129,124,105,87,86,76,61,58,56,55,52,51,50,49,48,47,46,43,42,41,40,39,38,37,36,35,33,32,31,30,-1,	//90:NG【5.3.0】『＋４キャラ』レッドバスターズ
283,239,238,237,212,199,198,197,136,153,152,151,150,149,148,147,146,145,124,105,87,86,76,61,58,56,55,52,51,50,49,48,47,46,43,42,41,40,39,38,37,36,35,33,32,31,30,-1,		//91:NG【5.3.0】『支援隊入り』レッドバスターズ
286,196,143,135,107,106,84,83,75,59,239,238,237,200,144,131,129,199,198,197,153,152,151,150,149,148,147,146,145,61,58,56,55,52,51,50,49,48,47,46,41,40,39,38,37,36,35,33,32,31,30,-1,	//92:NG【5.4.0】エアーバスターズ
283,239,238,237,200,144,131,129,212,199,198,197,136,153,152,151,150,149,148,147,146,145,124,105,87,86,76,61,58,56,55,52,51,50,49,48,47,46,43,42,41,40,39,38,37,36,35,33,32,31,30,-1,		//93:NG【5.4.0】レッドバスターズ
288,289,290,291,292,289,290,291,292,289,290,291,292,293,289,290,291,292,293,289,290,291,292,293,288,289,290,291,292,293,294,295,296,297,298,288,289,290,291,292,293,294,295,296,297,298,288,289,290,291,292,293,294,295,296,297,298,272,271,34,42,43,44,57,59,71,72,73,75,76,83,84,85,86,87,105,106,107,124,125,134,135,136,137,138,143,158,159,168,169,170,171,177,194,195,196,203,212,226,261,240,257,258,259,199,198,197,153,152,151,150,149,148,147,146,145,61,58,56,55,52,51,50,49,48,47,46,41,40,39,38,37,36,35,33,32,31,30,-1,			//94:  【5.5.0】魔法少女まどかマギカ(A)
288,289,290,291,292,288,289,290,291,292,288,289,290,291,292,293,288,289,290,291,292,293,288,289,290,291,292,293,288,289,290,291,292,293,294,295,296,297,298,288,289,290,291,292,293,294,295,296,297,298,288,289,290,291,292,293,294,295,296,297,298,272,271,34,42,43,44,57,59,71,72,73,75,76,83,84,85,86,87,105,106,107,124,125,134,135,136,137,138,143,158,159,168,169,170,171,177,194,195,196,203,212,226,261,240,257,258,259,199,198,197,153,152,151,150,149,148,147,146,145,61,58,56,55,52,51,50,49,48,47,46,41,40,39,38,37,36,35,33,32,31,30,-1,	//95:  【5.5.0】魔法少女まどかマギカ(B)
302,230,229,228,199,198,197,153,152,151,150,149,148,147,146,145,61,58,56,55,52,51,50,49,48,47,46,41,40,39,38,37,36,35,33,32,31,30,-1,						// 96:  【5.5.0】ハロウィン　第二弾
307,308,240,199,198,197,171,170,169,168,153,152,151,150,149,148,147,146,145,61,58,56,55,52,51,50,49,48,47,46,41,40,39,38,37,36,35,34,33,32,31,30,-1,				// 97:NG【5.6.0】伝説のネコルガ族
307,308,240,200,199,198,197,171,170,169,168,153,152,151,150,149,148,147,146,145,144,131,129,61,58,56,55,52,51,50,49,48,47,46,41,40,39,38,37,36,35,34,33,32,31,30,-1,		// 98:NG【5.6.0】『＋４キャラ』伝説のネコルガ族
307,308,240,239,238,237,199,198,197,171,170,169,168,153,152,151,150,149,148,147,146,145,61,58,56,55,52,51,50,49,48,47,46,41,40,39,38,37,36,35,34,33,32,31,30,-1,		// 99:NG【5.6.0】『支援隊入り』伝説のネコルガ族
307,308,199,198,197,153,152,151,150,149,148,147,146,145,143,59,57,44,43,42,61,58,56,55,52,51,50,49,48,47,46,41,40,39,38,37,36,35,33,32,31,30,-1,				//100:NG【5.6.0】超激ダイナマイツセット
307,308,200,199,198,197,153,152,151,150,149,148,147,146,145,144,143,131,129,59,57,44,43,42,61,58,56,55,52,51,50,49,48,47,46,41,40,39,38,37,36,35,33,32,31,30,-1,		//101:NG【5.6.0】『＋４キャラ』超激ダイナマイツセット
307,308,239,238,237,199,198,197,153,152,151,150,149,148,147,146,145,143,59,57,44,43,42,61,58,56,55,52,51,50,49,48,47,46,41,40,39,38,37,36,35,33,32,31,30,-1,			//102:NG【5.6.0】『支援隊入り』超激ダイナマイツセット
307,308,199,198,197,158,153,152,151,150,149,148,147,146,145,124,125,73,72,71,61,58,56,55,52,51,50,49,48,47,46,41,40,39,38,37,36,35,33,32,31,30,-1,				//103:NG【5.6.0】戦国武神バサラーズ 
307,308,200,199,198,197,158,153,152,151,150,149,148,147,146,145,144,131,129,124,125,73,72,71,61,58,56,55,52,51,50,49,48,47,46,41,40,39,38,37,36,35,33,32,31,30,-1,		//104:NG【5.6.0】『＋４キャラ』戦国武神バサラーズ
307,308,239,238,237,199,198,197,158,153,152,151,150,149,148,147,146,145,124,125,73,72,71,61,58,56,55,52,51,50,49,48,47,46,41,40,39,38,37,36,35,33,32,31,30,-1,		//105:NG【5.6.0】『支援隊入り』戦国武神バサラーズ
307,308,199,198,197,159,153,152,151,150,149,148,147,146,145,107,106,105,75,76,61,58,56,55,52,51,50,49,48,47,46,41,40,39,38,37,36,35,33,32,31,30,-1,				//106:NG【5.6.0】電脳戦隊ギャラクシーギャルズ
307,308,200,199,198,197,159,153,152,151,150,149,148,147,146,145,144,131,129,107,106,105,75,76,61,58,56,55,52,51,50,49,48,47,46,41,40,39,38,37,36,35,33,32,31,30,-1,		//107:NG【5.6.0】『＋４キャラ』戦隊ギャラクシーギャルズ
307,308,239,238,237,199,198,197,159,153,152,151,150,149,148,147,146,145,107,106,105,75,76,61,58,56,55,52,51,50,49,48,47,46,41,40,39,38,37,36,35,33,32,31,30,-1,		//108:NG【5.6.0】『支援隊入り』電脳戦隊ギャラクシーギャルズ
307,308,199,198,197,177,153,152,151,150,149,148,147,146,145,84,83,87,85,86,61,58,56,55,52,51,50,49,48,47,46,41,40,39,38,37,36,35,33,32,31,30,-1,				//109:NG【5.6.0】超破壊大帝ドラゴンエンペラーズ
307,308,200,199,198,197,177,153,152,151,150,149,148,147,146,145,144,131,129,84,83,87,85,86,61,58,56,55,52,51,50,49,48,47,46,41,40,39,38,37,36,35,33,32,31,30,-1,		//110:NG【5.6.0】『＋４キャラ』超破壊大帝ドラゴンエンペラーズ
307,308,239,238,237,199,198,197,177,153,152,151,150,149,148,147,146,145,84,83,87,85,86,61,58,56,55,52,51,50,49,48,47,46,41,40,39,38,37,36,35,33,32,31,30,-1,			//111:NG【5.6.0】『支援隊入り』超破壊大帝ドラゴンエンペラーズ
307,308,203,199,198,197,153,152,151,150,149,148,147,146,145,138,137,136,135,134,61,58,56,55,52,51,50,49,48,47,46,41,40,39,38,37,36,35,33,32,31,30,-1,				//112:NG【5.6.0】超古代勇者ウルトラソウルズ
307,308,203,200,199,198,197,153,152,151,150,149,148,147,146,145,144,138,137,136,135,134,131,129,61,58,56,55,52,51,50,49,48,47,46,41,40,39,38,37,36,35,33,32,31,30,-1,		//113:NG【5.6.0】『＋４キャラ』超古代勇者ウルトラソウルズ
307,308,239,238,237,203,199,198,197,153,152,151,150,149,148,147,146,145,138,137,136,135,134,61,58,56,55,52,51,50,49,48,47,46,41,40,39,38,37,36,35,33,32,31,30,-1,		//114:NG【5.6.0】『支援隊入り』超古代勇者ウルトラソウルズ
307,308,261,226,212,199,198,197,196,195,194,153,152,151,150,149,148,147,146,145,61,58,56,55,52,51,50,49,48,47,46,41,40,39,38,37,36,35,33,32,31,30,-1,				//115:NG【5.6.0】ダークヒーローズ
307,308,261,226,212,200,199,198,197,196,195,194,153,152,151,150,149,148,147,146,145,144,131,129,61,58,56,55,52,51,50,49,48,47,46,41,40,39,38,37,36,35,33,32,31,30,-1,		//116:NG【5.6.0】『＋４キャラ』ダークヒーローズ
307,308,261,239,238,237,226,212,199,198,197,196,195,194,153,152,151,150,149,148,147,146,145,61,58,56,55,52,51,50,49,48,47,46,41,40,39,38,37,36,35,33,32,31,30,-1,		//117:NG【5.6.0】『支援隊入り』ダークヒーローズ
307,308,272,271,259,258,257,199,198,197,153,152,151,150,149,148,147,146,145,61,58,56,55,52,51,50,49,48,47,46,41,40,39,38,37,36,35,33,32,31,30,-1,				//118:NG【5.6.0】究極降臨ギガントゼウス
307,308,272,271,259,258,257,200,144,131,129,199,198,197,153,152,151,150,149,148,147,146,145,61,58,56,55,52,51,50,49,48,47,46,41,40,39,38,37,36,35,33,32,31,30,-1,		//119:NG【5.6.0】『＋４キャラ』究極降臨ギガントゼウス
307,308,272,271,259,258,257,239,238,237,199,198,197,153,152,151,150,149,148,147,146,145,61,58,56,55,52,51,50,49,48,47,46,41,40,39,38,37,36,35,33,32,31,30,-1,		//120:NG【5.6.0】『支援隊入り』究極降臨ギガントゼウス
306,305,304,307,308,199,198,197,153,152,151,150,149,148,147,146,145,61,58,56,55,52,51,50,49,48,47,46,41,40,39,38,37,36,35,33,32,31,30,-1,					//121:NG【5.6.0】革命軍隊アイアンウォーズ
306,305,304,307,308,200,144,131,129,199,198,197,153,152,151,150,149,148,147,146,145,61,58,56,55,52,51,50,49,48,47,46,41,40,39,38,37,36,35,33,32,31,30,-1,			//122:NG【5.6.0】『＋４キャラ』革命軍隊アイアンウォーズ
306,305,304,307,308,239,238,237,199,198,197,153,152,151,150,149,148,147,146,145,61,58,56,55,52,51,50,49,48,47,46,41,40,39,38,37,36,35,33,32,31,30,-1,			//123:NG【5.6.0】『支援隊入り』革命軍隊アイアンウォーズ
307,308,283,239,238,237,200,144,131,129,212,199,198,197,136,153,152,151,150,149,148,147,146,145,124,105,87,86,76,61,58,56,55,52,51,50,49,48,47,46,43,42,41,40,39,38,37,36,35,33,32,31,30,-1,		//124:NG【5.6.0】レッドバスターズ
307,308,286,196,143,135,107,106,84,83,75,59,239,238,237,200,144,131,129,199,198,197,153,152,151,150,149,148,147,146,145,61,58,56,55,52,51,50,49,48,47,46,41,40,39,38,37,36,35,33,32,31,30,-1,	//125:NG【5.6.0】エアーバスターズ
306,305,304,307,308,272,271,269,34,42,43,44,57,59,71,72,73,75,76,83,84,85,86,87,105,106,107,124,125,134,135,136,137,138,143,158,159,168,169,170,171,177,194,195,196,203,212,226,261,240,257,258,259,200,144,131,129,237,238,239,199,198,197,153,152,151,150,149,148,147,146,145,61,58,56,55,52,51,50,49,48,47,46,41,40,39,38,37,36,35,33,32,31,30,-1,	//126:NG【5.6.0】超ネコ祭
310,307,308,243,242,241,199,198,197,153,152,151,150,149,148,147,146,145,61,58,56,55,52,51,50,49,48,47,46,41,40,39,38,37,36,35,33,32,31,30,-1,					//127:  【5.6.0】クリスマス　第二弾
306,305,304,286,283,269,34,168,169,170,171,240,42,43,44,57,59,143,71,72,73,124,125,158,75,76,105,106,107,159,83,84,85,86,87,177,134,135,136,137,138,203,194,195,196,212,226,261,257,258,259,271,272,-1,	//128:NG【5.6.0】『プラチナガチャ』ver5.6.0まで
316,272,271,259,258,257,307,308,199,198,197,153,152,151,150,149,148,147,146,145,61,58,56,55,52,51,50,49,48,47,46,41,40,39,38,37,36,35,33,32,31,30,-1,			//129:NG【5.7.0】究極降臨ギガントゼウス
316,272,271,259,258,257,307,308,200,144,131,129,199,198,197,153,152,151,150,149,148,147,146,145,61,58,56,55,52,51,50,49,48,47,46,41,40,39,38,37,36,35,33,32,31,30,-1,	//130:NG【5.7.0】『＋４キャラ』究極降臨ギガントゼウス
316,272,271,259,258,257,307,308,239,238,237,199,198,197,153,152,151,150,149,148,147,146,145,61,58,56,55,52,51,50,49,48,47,46,41,40,39,38,37,36,35,33,32,31,30,-1,		//131:NG【5.7.0】『支援隊入り』究極降臨ギガントゼウス
314,314,314,314,170,43,124,84,75,136,194,259,304,283,302,307,308,199,198,197,153,152,151,150,149,148,147,146,145,61,58,56,55,52,51,50,49,48,47,46,41,40,39,38,37,36,35,33,32,31,30,-1,		//132:【5.7.0】2016年末
314,314,314,314,34,59,72,85,76,138,195,271,306,286,274,307,308,199,198,197,153,152,151,150,149,148,147,146,145,61,58,56,55,52,51,50,49,48,47,46,41,40,39,38,37,36,35,33,32,31,30,-1,			//133:【5.7.0】2017年始
316,306,305,304,307,308,272,271,269,34,42,43,44,57,59,71,72,73,75,76,83,84,85,86,87,105,106,107,124,125,134,135,136,137,138,143,158,159,168,169,170,171,177,194,195,196,203,212,226,261,240,257,258,259,200,144,131,129,237,238,239,199,198,197,153,152,151,150,149,148,147,146,145,61,58,56,55,52,51,50,49,48,47,46,41,40,39,38,37,36,35,33,32,31,30,-1,	//134:NG【5.7.0】超ネコ祭
316,306,305,304,286,283,269,34,168,169,170,171,240,42,43,44,57,59,143,71,72,73,124,125,158,75,76,105,106,107,159,83,84,85,86,87,177,134,135,136,137,138,203,194,195,196,212,226,261,257,258,259,271,272,-1,	//135:NG【5.7.0】『プラチナガチャ』ver5.7.0まで
305,307,308,283,239,238,237,200,144,131,129,212,199,198,197,136,153,152,151,150,149,148,147,146,145,124,105,87,86,76,61,58,56,55,52,51,50,49,48,47,46,43,42,41,40,39,38,37,36,35,33,32,31,30,-1,		//136:NG【5.8.0】レッドバスターズ
318,316,306,305,304,307,308,272,271,269,34,42,43,44,57,59,71,72,73,75,76,83,84,85,86,87,105,106,107,124,125,134,135,136,137,138,143,158,159,168,169,170,171,177,194,195,196,203,212,226,261,240,257,258,259,200,144,131,129,237,238,239,199,198,197,153,152,151,150,149,148,147,146,145,61,58,56,55,52,51,50,49,48,47,46,41,40,39,38,37,36,35,33,32,31,30,-1,	//137:NG【5.8.0】超ネコ祭
318,316,306,305,304,286,283,269,34,168,169,170,171,240,42,43,44,57,59,143,71,72,73,124,125,158,75,76,105,106,107,159,83,84,85,86,87,177,134,135,136,137,138,203,194,195,196,212,226,261,257,258,259,271,272,-1,	//138:NG【5.8.0】『プラチナガチャ』ver5.8.0まで
325,307,308,240,199,198,197,171,170,169,168,153,152,151,150,149,148,147,146,145,61,58,56,55,52,51,50,49,48,47,46,41,40,39,38,37,36,35,34,33,32,31,30,-1,							//139:  【5.9.0】伝説のネコルガ族
325,307,308,240,200,199,198,197,171,170,169,168,153,152,151,150,149,148,147,146,145,144,131,129,61,58,56,55,52,51,50,49,48,47,46,41,40,39,38,37,36,35,34,33,32,31,30,-1,					//140:  【5.9.0】『＋４キャラ』伝説のネコルガ族
325,307,308,240,239,238,237,199,198,197,171,170,169,168,153,152,151,150,149,148,147,146,145,61,58,56,55,52,51,50,49,48,47,46,41,40,39,38,37,36,35,34,33,32,31,30,-1,						//141:  【5.9.0】『支援隊入り』伝説のネコルガ族
325,307,308,199,198,197,153,152,151,150,149,148,147,146,145,143,59,57,44,43,42,61,58,56,55,52,51,50,49,48,47,46,41,40,39,38,37,36,35,33,32,31,30,-1,								//142:  【5.9.0】超激ダイナマイツセット
325,307,308,200,199,198,197,153,152,151,150,149,148,147,146,145,144,143,131,129,59,57,44,43,42,61,58,56,55,52,51,50,49,48,47,46,41,40,39,38,37,36,35,33,32,31,30,-1,						//143:  【5.9.0】『＋４キャラ』超激ダイナマイツセット
325,307,308,239,238,237,199,198,197,153,152,151,150,149,148,147,146,145,143,59,57,44,43,42,61,58,56,55,52,51,50,49,48,47,46,41,40,39,38,37,36,35,33,32,31,30,-1,						//144:  【5.9.0】『支援隊入り』超激ダイナマイツセット
325,307,308,199,198,197,158,153,152,151,150,149,148,147,146,145,124,125,73,72,71,61,58,56,55,52,51,50,49,48,47,46,41,40,39,38,37,36,35,33,32,31,30,-1,							//145:  【5.9.0】戦国武神バサラーズ 
325,307,308,200,199,198,197,158,153,152,151,150,149,148,147,146,145,144,131,129,124,125,73,72,71,61,58,56,55,52,51,50,49,48,47,46,41,40,39,38,37,36,35,33,32,31,30,-1,					//146:  【5.9.0】『＋４キャラ』戦国武神バサラーズ
325,307,308,239,238,237,199,198,197,158,153,152,151,150,149,148,147,146,145,124,125,73,72,71,61,58,56,55,52,51,50,49,48,47,46,41,40,39,38,37,36,35,33,32,31,30,-1,						//147:  【5.9.0】『支援隊入り』戦国武神バサラーズ
325,307,308,199,198,197,159,153,152,151,150,149,148,147,146,145,107,106,105,75,76,61,58,56,55,52,51,50,49,48,47,46,41,40,39,38,37,36,35,33,32,31,30,-1,							//148:  【5.9.0】電脳戦隊ギャラクシーギャルズ
325,307,308,200,199,198,197,159,153,152,151,150,149,148,147,146,145,144,131,129,107,106,105,75,76,61,58,56,55,52,51,50,49,48,47,46,41,40,39,38,37,36,35,33,32,31,30,-1,					//149:  【5.9.0】『＋４キャラ』戦隊ギャラクシーギャルズ
325,307,308,239,238,237,199,198,197,159,153,152,151,150,149,148,147,146,145,107,106,105,75,76,61,58,56,55,52,51,50,49,48,47,46,41,40,39,38,37,36,35,33,32,31,30,-1,						//150:  【5.9.0】『支援隊入り』電脳戦隊ギャラクシーギャルズ
325,307,308,199,198,197,177,153,152,151,150,149,148,147,146,145,84,83,87,85,86,61,58,56,55,52,51,50,49,48,47,46,41,40,39,38,37,36,35,33,32,31,30,-1,								//151:  【5.9.0】超破壊大帝ドラゴンエンペラーズ
325,307,308,200,199,198,197,177,153,152,151,150,149,148,147,146,145,144,131,129,84,83,87,85,86,61,58,56,55,52,51,50,49,48,47,46,41,40,39,38,37,36,35,33,32,31,30,-1,						//152:  【5.9.0】『＋４キャラ』超破壊大帝ドラゴンエンペラーズ
325,307,308,239,238,237,199,198,197,177,153,152,151,150,149,148,147,146,145,84,83,87,85,86,61,58,56,55,52,51,50,49,48,47,46,41,40,39,38,37,36,35,33,32,31,30,-1,						//153:  【5.9.0】『支援隊入り』超破壊大帝ドラゴンエンペラーズ
322,325,307,308,203,199,198,197,153,152,151,150,149,148,147,146,145,138,137,136,135,134,61,58,56,55,52,51,50,49,48,47,46,41,40,39,38,37,36,35,33,32,31,30,-1,							//154:  【5.9.0】超古代勇者ウルトラソウルズ
322,325,307,308,203,200,199,198,197,153,152,151,150,149,148,147,146,145,144,138,137,136,135,134,131,129,61,58,56,55,52,51,50,49,48,47,46,41,40,39,38,37,36,35,33,32,31,30,-1,					//155:  【5.9.0】『＋４キャラ』超古代勇者ウルトラソウルズ
322,325,307,308,239,238,237,203,199,198,197,153,152,151,150,149,148,147,146,145,138,137,136,135,134,61,58,56,55,52,51,50,49,48,47,46,41,40,39,38,37,36,35,33,32,31,30,-1,					//156:  【5.9.0】『支援隊入り』超古代勇者ウルトラソウルズ
325,307,308,261,226,212,199,198,197,196,195,194,153,152,151,150,149,148,147,146,145,61,58,56,55,52,51,50,49,48,47,46,41,40,39,38,37,36,35,33,32,31,30,-1,							//157:  【5.9.0】ダークヒーローズ
325,307,308,261,226,212,200,199,198,197,196,195,194,153,152,151,150,149,148,147,146,145,144,131,129,61,58,56,55,52,51,50,49,48,47,46,41,40,39,38,37,36,35,33,32,31,30,-1,					//158:  【5.9.0】『＋４キャラ』ダークヒーローズ
325,307,308,261,239,238,237,226,212,199,198,197,196,195,194,153,152,151,150,149,148,147,146,145,61,58,56,55,52,51,50,49,48,47,46,41,40,39,38,37,36,35,33,32,31,30,-1,						//159:  【5.9.0】『支援隊入り』ダークヒーローズ
325,316,272,271,259,258,257,307,308,199,198,197,153,152,151,150,149,148,147,146,145,61,58,56,55,52,51,50,49,48,47,46,41,40,39,38,37,36,35,33,32,31,30,-1,							//160:  【5.9.0】究極降臨ギガントゼウス
325,316,272,271,259,258,257,307,308,200,144,131,129,199,198,197,153,152,151,150,149,148,147,146,145,61,58,56,55,52,51,50,49,48,47,46,41,40,39,38,37,36,35,33,32,31,30,-1,					//161:  【5.9.0】『＋４キャラ』究極降臨ギガントゼウス
325,316,272,271,259,258,257,307,308,239,238,237,199,198,197,153,152,151,150,149,148,147,146,145,61,58,56,55,52,51,50,49,48,47,46,41,40,39,38,37,36,35,33,32,31,30,-1,					//162:  【5.9.0】『支援隊入り』究極降臨ギガントゼウス
325,306,305,304,307,308,199,198,197,153,152,151,150,149,148,147,146,145,61,58,56,55,52,51,50,49,48,47,46,41,40,39,38,37,36,35,33,32,31,30,-1,								//163:  【5.9.0】革命軍隊アイアンウォーズ
325,306,305,304,307,308,200,144,131,129,199,198,197,153,152,151,150,149,148,147,146,145,61,58,56,55,52,51,50,49,48,47,46,41,40,39,38,37,36,35,33,32,31,30,-1,						//164:  【5.9.0】『＋４キャラ』革命軍隊アイアンウォーズ
325,306,305,304,307,308,239,238,237,199,198,197,153,152,151,150,149,148,147,146,145,61,58,56,55,52,51,50,49,48,47,46,41,40,39,38,37,36,35,33,32,31,30,-1,							//165:  【5.9.0】『支援隊入り』革命軍隊アイアンウォーズ
325,305,307,308,283,239,238,237,200,144,131,129,212,199,198,197,136,153,152,151,150,149,148,147,146,145,124,105,87,86,76,61,58,56,55,52,51,50,49,48,47,46,43,42,41,40,39,38,37,36,35,33,32,31,30,-1,		//166:  【5.9.0】レッドバスターズ
325,307,308,286,196,143,135,107,106,84,83,75,59,239,238,237,200,144,131,129,199,198,197,153,152,151,150,149,148,147,146,145,61,58,56,55,52,51,50,49,48,47,46,41,40,39,38,37,36,35,33,32,31,30,-1,		//167:  【5.9.0】エアーバスターズ
325,322,318,316,306,305,304,307,308,272,271,269,34,42,43,44,57,59,71,72,73,75,76,83,84,85,86,87,105,106,107,124,125,134,135,136,137,138,143,158,159,168,169,170,171,177,194,195,196,203,212,226,261,240,257,258,259,200,144,131,129,237,238,239,199,198,197,153,152,151,150,149,148,147,146,145,61,58,56,55,52,51,50,49,48,47,46,41,40,39,38,37,36,35,33,32,31,30,-1,	//168:  【5.9.0】超ネコ祭
322,318,316,306,305,304,286,283,269,34,168,169,170,171,240,42,43,44,57,59,143,71,72,73,124,125,158,75,76,105,106,107,159,83,84,85,86,87,177,134,135,136,137,138,203,194,195,196,212,226,261,257,258,259,271,272,-1,	//169:  【5.9.0】『プラチナガチャ』ver5.9.0まで
327,327,327,327,327,327,327,326,325,307,308,200,199,198,197,153,152,151,150,149,148,147,146,145,144,131,129,61,58,56,55,52,51,50,49,48,47,46,41,40,39,38,37,36,35,33,32,31,30,-1,				//170:  【5.10.0】『＋４キャラ』クラッシュフィーバー
327,327,327,327,327,327,327,326,325,307,308,239,238,237,199,198,197,153,152,151,150,149,148,147,146,145,61,58,56,55,52,51,50,49,48,47,46,41,40,39,38,37,36,35,33,32,31,30,-1,				//171:  【5.10.0】『支援隊入り』クラッシュフィーバー
332,332,332,332,331,330,325,307,308,199,198,197,153,152,151,150,149,148,147,146,145,61,58,56,55,52,51,50,49,48,47,46,41,40,39,38,37,36,35,33,32,31,30,-1,							//172:  【5.10.0】春
333,325,322,316,306,305,304,307,308,272,271,34,42,43,44,57,59,71,72,73,75,76,83,84,85,86,87,105,106,107,124,125,134,135,136,137,138,143,158,159,168,169,170,171,177,194,195,196,203,212,226,261,240,257,258,259,200,144,131,129,237,238,239,199,198,197,153,152,151,150,149,148,147,146,145,61,58,56,55,52,51,50,49,48,47,46,41,40,39,38,37,36,35,33,32,31,30,-1,	//173:  【5.10.0】極ネコ祭
333,322,318,316,306,305,304,286,283,269,34,168,169,170,171,240,42,43,44,57,59,143,71,72,73,124,125,158,75,76,105,106,107,159,83,84,85,86,87,177,134,135,136,137,138,203,194,195,196,212,226,261,257,258,259,271,272,-1,	//174:  【5.10.0】『プラチナガチャ』ver5.10.0まで
336,335,334,325,307,308,199,198,197,153,152,151,150,149,148,147,146,145,61,58,56,55,52,51,50,49,48,47,46,41,40,39,38,37,36,35,33,32,31,30,-1,								//175:  【6.0.0】ガルズモンズ
337,161,160,64,65,66,67,68,-1,																						//176:  【6.0.0】ケリ姫ガチャ
338,325,307,308,199,198,197,158,153,152,151,150,149,148,147,146,145,124,125,73,72,71,61,58,56,55,52,51,50,49,48,47,46,41,40,39,38,37,36,35,33,32,31,30,-1,							//177:  【6.1.0】戦国武神バサラーズ 
338,325,307,308,200,199,198,197,158,153,152,151,150,149,148,147,146,145,144,131,129,124,125,73,72,71,61,58,56,55,52,51,50,49,48,47,46,41,40,39,38,37,36,35,33,32,31,30,-1,					//178:  【6.1.0】『＋４キャラ』戦国武神バサラーズ
338,325,307,308,239,238,237,199,198,197,158,153,152,151,150,149,148,147,146,145,124,125,73,72,71,61,58,56,55,52,51,50,49,48,47,46,41,40,39,38,37,36,35,33,32,31,30,-1,					//179:  【6.1.0】『支援隊入り』戦国武神バサラーズ
341,270,180,200,144,131,129,325,307,308,199,198,197,153,152,151,150,149,148,147,146,145,61,58,56,55,52,51,50,49,48,47,46,41,40,39,38,37,36,35,33,32,31,30,-1,						//180:  【6.1.0】『＋４キャラ』消滅都市2
341,270,180,239,238,237,325,307,308,199,198,197,153,152,151,150,149,148,147,146,145,61,58,56,55,52,51,50,49,48,47,46,41,40,39,38,37,36,35,33,32,31,30,-1,							//181:  【6.1.0】『支援隊入り』消滅都市2
338,325,322,318,316,306,305,304,307,308,272,271,269,34,42,43,44,57,59,71,72,73,75,76,83,84,85,86,87,105,106,107,124,125,134,135,136,137,138,143,158,159,168,169,170,171,177,194,195,196,203,212,226,261,240,257,258,259,200,144,131,129,237,238,239,199,198,197,153,152,151,150,149,148,147,146,145,61,58,56,55,52,51,50,49,48,47,46,41,40,39,38,37,36,35,33,32,31,30,-1,	//182:  【6.1.0】超ネコ祭
338,333,325,322,316,306,305,304,307,308,272,271,34,42,43,44,57,59,71,72,73,75,76,83,84,85,86,87,105,106,107,124,125,134,135,136,137,138,143,158,159,168,169,170,171,177,194,195,196,203,212,226,261,240,257,258,259,200,144,131,129,237,238,239,199,198,197,153,152,151,150,149,148,147,146,145,61,58,56,55,52,51,50,49,48,47,46,41,40,39,38,37,36,35,33,32,31,30,-1,	//183:  【6.1.0】極ネコ祭
338,333,322,318,316,306,305,304,286,283,269,34,168,169,170,171,240,42,43,44,57,59,143,71,72,73,124,125,158,75,76,105,106,107,159,83,84,85,86,87,177,134,135,136,137,138,203,194,195,196,212,226,261,257,258,259,271,272,-1,	//184:  【6.1.0】『プラチナガチャ』ver6.1.0まで
346,345,344,190,189,188,187,186,185,110,111,112,113,114,115,116,117,118,119,-1,																//185:  【6.2.0】メルクストーリア　第三弾
350,349,348,200,144,131,129,325,307,308,199,198,197,153,152,151,150,149,148,147,146,145,61,58,56,55,52,51,50,49,48,47,46,41,40,39,38,37,36,35,33,32,31,30,-1,						//186:  【6.1.0】『＋４キャラ』ぐでたま
350,349,348,239,238,237,325,307,308,199,198,197,153,152,151,150,149,148,147,146,145,61,58,56,55,52,51,50,49,48,47,46,41,40,39,38,37,36,35,33,32,31,30,-1,							//187:  【6.1.0】『支援隊入り』ぐでたま
351,325,307,308,199,198,197,159,153,152,151,150,149,148,147,146,145,107,106,105,75,76,61,58,56,55,52,51,50,49,48,47,46,41,40,39,38,37,36,35,33,32,31,30,-1,							//188:  【6.2.0】電脳戦隊ギャラクシーギャルズ
351,325,307,308,200,199,198,197,159,153,152,151,150,149,148,147,146,145,144,131,129,107,106,105,75,76,61,58,56,55,52,51,50,49,48,47,46,41,40,39,38,37,36,35,33,32,31,30,-1,					//189:  【6.2.0】『＋４キャラ』戦隊ギャラクシーギャルズ
351,325,307,308,239,238,237,199,198,197,159,153,152,151,150,149,148,147,146,145,107,106,105,75,76,61,58,56,55,52,51,50,49,48,47,46,41,40,39,38,37,36,35,33,32,31,30,-1,					//190:  【6.2.0】『支援隊入り』電脳戦隊ギャラクシーギャルズ
338,334,331,316,305,283,261,242,240,230,203,106,85,59,228,228,228,228,228,325,307,308,199,198,197,153,152,151,150,149,148,147,146,145,61,58,56,55,52,51,50,49,48,47,46,41,40,39,38,37,36,35,33,32,31,30,-1,	//191:  【6.2.0】3000万DL記念ガチャ　ウルトラセレクション
351,336,330,322,310,306,286,257,229,196,171,87,71,42,332,332,332,332,332,325,307,308,199,198,197,153,152,151,150,149,148,147,146,145,61,58,56,55,52,51,50,49,48,47,46,41,40,39,38,37,36,35,33,32,31,30,-1,	//192:  【6.2.0】3000万DL記念ガチャ　ミラクルセレクション
351,338,325,322,318,316,306,305,304,307,308,272,271,269,34,42,43,44,57,59,71,72,73,75,76,83,84,85,86,87,105,106,107,124,125,134,135,136,137,138,143,158,159,168,169,170,171,177,194,195,196,203,212,226,261,240,257,258,259,200,144,131,129,237,238,239,199,198,197,153,152,151,150,149,148,147,146,145,61,58,56,55,52,51,50,49,48,47,46,41,40,39,38,37,36,35,33,32,31,30,-1,	//193:  【6.2.0】超ネコ祭
351,338,333,325,322,316,306,305,304,307,308,272,271,34,42,43,44,57,59,71,72,73,75,76,83,84,85,86,87,105,106,107,124,125,134,135,136,137,138,143,158,159,168,169,170,171,177,194,195,196,203,212,226,261,240,257,258,259,200,144,131,129,237,238,239,199,198,197,153,152,151,150,149,148,147,146,145,61,58,56,55,52,51,50,49,48,47,46,41,40,39,38,37,36,35,33,32,31,30,-1,		//194:  【6.2.0】極ネコ祭
351,338,333,322,318,316,306,305,304,286,283,269,34,168,169,170,171,240,42,43,44,57,59,143,71,72,73,124,125,158,75,76,105,106,107,159,83,84,85,86,87,177,134,135,136,137,138,203,194,195,196,212,226,261,257,258,259,271,272,-1,	//195:  【6.2.0】『プラチナガチャ』ver6.2.0まで
350,349,349,349,349,349,349,349,349,349,349,349,349,349,349,349,349,349,349,349,349,348,348,348,348,348,348,348,348,348,348,348,348,348,348,348,348,348,348,239,238,237,325,307,308,199,198,197,153,152,151,150,149,148,147,146,145,61,58,56,55,52,51,50,49,48,47,46,41,40,39,38,37,36,35,33,32,31,30,-1,										//196:  【6.2.3】『支援隊入り』ぐでたま
354,276,276,276,276,275,274,325,307,308,199,198,197,153,152,151,150,149,148,147,146,145,61,58,56,55,52,51,50,49,48,47,46,41,40,39,38,37,36,35,33,32,31,30,-1,						//197:  【6.3.0】サマーガールズ
355,325,306,305,304,307,308,199,198,197,153,152,151,150,149,148,147,146,145,61,58,56,55,52,51,50,49,48,47,46,41,40,39,38,37,36,35,33,32,31,30,-1,								//198:  【6.3.0】革命軍隊アイアンウォーズ
355,325,306,305,304,307,308,200,144,131,129,199,198,197,153,152,151,150,149,148,147,146,145,61,58,56,55,52,51,50,49,48,47,46,41,40,39,38,37,36,35,33,32,31,30,-1,						//199:  【6.3.0】『＋４キャラ』革命軍隊アイアンウォーズ
355,325,306,305,304,307,308,239,238,237,199,198,197,153,152,151,150,149,148,147,146,145,61,58,56,55,52,51,50,49,48,47,46,41,40,39,38,37,36,35,33,32,31,30,-1,						//200:  【6.3.0】『支援隊入り』革命軍隊アイアンウォーズ
355,351,338,325,322,318,316,306,305,304,307,308,272,271,269,34,42,43,44,57,59,71,72,73,75,76,83,84,85,86,87,105,106,107,124,125,134,135,136,137,138,143,158,159,168,169,170,171,177,194,195,196,203,212,226,261,240,257,258,259,200,144,131,129,237,238,239,199,198,197,153,152,151,150,149,148,147,146,145,61,58,56,55,52,51,50,49,48,47,46,41,40,39,38,37,36,35,33,32,31,30,-1,	//201:  【6.3.0】超ネコ祭
355,351,338,333,325,322,316,306,305,304,307,308,272,271,34,42,43,44,57,59,71,72,73,75,76,83,84,85,86,87,105,106,107,124,125,134,135,136,137,138,143,158,159,168,169,170,171,177,194,195,196,203,212,226,261,240,257,258,259,200,144,131,129,237,238,239,199,198,197,153,152,151,150,149,148,147,146,145,61,58,56,55,52,51,50,49,48,47,46,41,40,39,38,37,36,35,33,32,31,30,-1,	//202:  【6.3.0】極ネコ祭
355,351,338,333,322,318,316,306,305,304,286,283,269,34,168,169,170,171,240,42,43,44,57,59,143,71,72,73,124,125,158,75,76,105,106,107,159,83,84,85,86,87,177,134,135,136,137,138,203,194,195,196,212,226,261,257,258,259,271,272,-1,	//203:  【6.3.0】『プラチナガチャ』ver6.3.0まで
358,357,336,335,334,325,307,308,199,198,197,153,152,151,150,149,148,147,146,145,61,58,56,55,52,51,50,49,48,47,46,41,40,39,38,37,36,35,33,32,31,30,-1,							//204:  【6.4.0】ガルズモンズ
316,261,170,138,57,332,332,332,314,314,314,276,276,276,228,228,228,239,238,237,200,144,131,131,131,129,325,307,308,199,198,197,153,152,151,150,149,148,147,146,145,61,58,56,55,52,51,50,49,48,47,46,41,40,39,38,37,36,35,33,32,31,30,-1,		//205:  【6.4.0】メタルバスターズ
358,357,336,335,334,200,144,131,129,325,307,308,199,198,197,153,152,151,150,149,148,147,146,145,61,58,56,55,52,51,50,49,48,47,46,41,40,39,38,37,36,35,33,32,31,30,-1,					//206:  【6.4.0】『＋４キャラ』ガルズモンズ
358,357,336,335,334,239,238,237,325,307,308,199,198,197,153,152,151,150,149,148,147,146,145,61,58,56,55,52,51,50,49,48,47,46,41,40,39,38,37,36,35,33,32,31,30,-1,						//207:  【6.4.0】『支援隊入り』ガルズモンズ
361,360,359,325,307,308,199,198,197,153,152,151,150,149,148,147,146,145,61,58,56,55,52,51,50,49,48,47,46,41,40,39,38,37,36,35,33,32,31,30,-1,								//208:  【6.5.0】大精霊エレメンタルピクシーズ
361,360,359,200,144,131,129,325,307,308,199,198,197,153,152,151,150,149,148,147,146,145,61,58,56,55,52,51,50,49,48,47,46,41,40,39,38,37,36,35,33,32,31,30,-1,						//209:  【6.5.0】『＋４キャラ』大精霊エレメンタルピクシーズ
361,360,359,239,238,237,325,307,308,199,198,197,153,152,151,150,149,148,147,146,145,61,58,56,55,52,51,50,49,48,47,46,41,40,39,38,37,36,35,33,32,31,30,-1,						//210:  【6.5.0】『支援隊入り』大精霊エレメンタルピクシーズ
361,360,359,355,351,338,325,322,318,316,306,305,304,307,308,272,271,269,34,42,43,44,57,59,71,72,73,75,76,83,84,85,86,87,105,106,107,124,125,134,135,136,137,138,143,158,159,168,169,170,171,177,194,195,196,203,212,226,261,240,257,258,259,200,144,131,129,237,238,239,199,198,197,153,152,151,150,149,148,147,146,145,61,58,56,55,52,51,50,49,48,47,46,41,40,39,38,37,36,35,33,32,31,30,-1,	//211:  【6.5.0】超ネコ祭
361,360,359,355,351,338,333,325,322,316,306,305,304,307,308,272,271,34,42,43,44,57,59,71,72,73,75,76,83,84,85,86,87,105,106,107,124,125,134,135,136,137,138,143,158,159,168,169,170,171,177,194,195,196,203,212,226,261,240,257,258,259,200,144,131,129,237,238,239,199,198,197,153,152,151,150,149,148,147,146,145,61,58,56,55,52,51,50,49,48,47,46,41,40,39,38,37,36,35,33,32,31,30,-1,		//212:  【6.5.0】極ネコ祭
361,360,359,355,351,338,333,322,318,316,306,305,304,286,283,269,34,168,169,170,171,240,42,43,44,57,59,143,71,72,73,124,125,158,75,76,105,106,107,159,83,84,85,86,87,177,134,135,136,137,138,203,194,195,196,212,226,261,257,258,259,271,272,-1,																			//213:  【6.5.0】『プラチナガチャ』ver6.3.0まで
362,363,364,365,366,367,368,370,370,370,370,371,371,371,371,372,372,372,372,377,376,325,307,308,199,198,197,153,152,151,150,149,148,147,146,145,61,58,56,55,52,51,50,49,48,47,46,41,40,39,38,37,36,35,33,32,31,30,-1,	//214:  【6.6.0】Fateコラボガチャ
377,376,325,307,308,240,199,198,197,171,170,169,168,153,152,151,150,149,148,147,146,145,61,58,56,55,52,51,50,49,48,47,46,41,40,39,38,37,36,35,34,33,32,31,30,-1,							//215:  【6.6.0】伝説のネコルガ族
377,376,325,307,308,240,200,199,198,197,171,170,169,168,153,152,151,150,149,148,147,146,145,144,131,129,61,58,56,55,52,51,50,49,48,47,46,41,40,39,38,37,36,35,34,33,32,31,30,-1,					//216:  【6.6.0】『＋４キャラ』伝説のネコルガ族
377,376,325,307,308,240,239,238,237,199,198,197,171,170,169,168,153,152,151,150,149,148,147,146,145,61,58,56,55,52,51,50,49,48,47,46,41,40,39,38,37,36,35,34,33,32,31,30,-1,						//217:  【6.6.0】『支援隊入り』伝説のネコルガ族
377,376,325,307,308,199,198,197,153,152,151,150,149,148,147,146,145,143,59,57,44,43,42,61,58,56,55,52,51,50,49,48,47,46,41,40,39,38,37,36,35,33,32,31,30,-1,								//218:  【6.6.0】超激ダイナマイツセット
377,376,325,307,308,200,199,198,197,153,152,151,150,149,148,147,146,145,144,143,131,129,59,57,44,43,42,61,58,56,55,52,51,50,49,48,47,46,41,40,39,38,37,36,35,33,32,31,30,-1,						//219:  【6.6.0】『＋４キャラ』超激ダイナマイツ
377,376,325,307,308,239,238,237,199,198,197,153,152,151,150,149,148,147,146,145,143,59,57,44,43,42,61,58,56,55,52,51,50,49,48,47,46,41,40,39,38,37,36,35,33,32,31,30,-1,						//220:  【6.6.0】『支援隊入り』超激ダイナマイツ
377,376,338,325,307,308,199,198,197,158,153,152,151,150,149,148,147,146,145,124,125,73,72,71,61,58,56,55,52,51,50,49,48,47,46,41,40,39,38,37,36,35,33,32,31,30,-1,							//221:  【6.6.0】戦国武神バサラーズ 
377,376,338,325,307,308,200,199,198,197,158,153,152,151,150,149,148,147,146,145,144,131,129,124,125,73,72,71,61,58,56,55,52,51,50,49,48,47,46,41,40,39,38,37,36,35,33,32,31,30,-1,					//222:  【6.6.0】『＋４キャラ』戦国武神バサラーズ
377,376,338,325,307,308,239,238,237,199,198,197,158,153,152,151,150,149,148,147,146,145,124,125,73,72,71,61,58,56,55,52,51,50,49,48,47,46,41,40,39,38,37,36,35,33,32,31,30,-1,					//223:  【6.6.0】『支援隊入り』戦国武神バサラーズ
377,376,351,325,307,308,199,198,197,159,153,152,151,150,149,148,147,146,145,107,106,105,75,76,61,58,56,55,52,51,50,49,48,47,46,41,40,39,38,37,36,35,33,32,31,30,-1,							//224:  【6.6.0】電脳戦隊ギャラクシーギャルズ
377,376,351,325,307,308,200,199,198,197,159,153,152,151,150,149,148,147,146,145,144,131,129,107,106,105,75,76,61,58,56,55,52,51,50,49,48,47,46,41,40,39,38,37,36,35,33,32,31,30,-1,					//225:  【6.6.0】『＋４キャラ』戦隊ギャラクシーギャルズ
377,376,351,325,307,308,239,238,237,199,198,197,159,153,152,151,150,149,148,147,146,145,107,106,105,75,76,61,58,56,55,52,51,50,49,48,47,46,41,40,39,38,37,36,35,33,32,31,30,-1,					//226:  【6.6.0】『支援隊入り』電脳戦隊ギャラクシーギャルズ
377,376,325,307,308,199,198,197,177,153,152,151,150,149,148,147,146,145,84,83,87,85,86,61,58,56,55,52,51,50,49,48,47,46,41,40,39,38,37,36,35,33,32,31,30,-1,								//227:  【6.6.0】超破壊大帝ドラゴンエンペラーズ
377,376,325,307,308,200,199,198,197,177,153,152,151,150,149,148,147,146,145,144,131,129,84,83,87,85,86,61,58,56,55,52,51,50,49,48,47,46,41,40,39,38,37,36,35,33,32,31,30,-1,						//228:  【6.6.0】『＋４キャラ』超破壊大帝ドラゴンエンペラーズ
377,376,325,307,308,239,238,237,199,198,197,177,153,152,151,150,149,148,147,146,145,84,83,87,85,86,61,58,56,55,52,51,50,49,48,47,46,41,40,39,38,37,36,35,33,32,31,30,-1,						//229:  【6.6.0】『支援隊入り』超破壊大帝ドラゴンエンペラーズ
377,376,322,325,307,308,203,199,198,197,153,152,151,150,149,148,147,146,145,138,137,136,135,134,61,58,56,55,52,51,50,49,48,47,46,41,40,39,38,37,36,35,33,32,31,30,-1,							//230:  【6.6.0】超古代勇者ウルトラソウルズ
377,376,322,325,307,308,203,200,199,198,197,153,152,151,150,149,148,147,146,145,144,138,137,136,135,134,131,129,61,58,56,55,52,51,50,49,48,47,46,41,40,39,38,37,36,35,33,32,31,30,-1,					//231:  【6.6.0】『＋４キャラ』超古代勇者ウルトラソウルズ
377,376,322,325,307,308,239,238,237,203,199,198,197,153,152,151,150,149,148,147,146,145,138,137,136,135,134,61,58,56,55,52,51,50,49,48,47,46,41,40,39,38,37,36,35,33,32,31,30,-1,					//232:  【6.6.0】『支援隊入り』超古代勇者ウルトラソウルズ
377,376,325,307,308,261,226,212,199,198,197,196,195,194,153,152,151,150,149,148,147,146,145,61,58,56,55,52,51,50,49,48,47,46,41,40,39,38,37,36,35,33,32,31,30,-1,							//233:  【6.6.0】ダークヒーローズ
377,376,325,307,308,261,226,212,200,199,198,197,196,195,194,153,152,151,150,149,148,147,146,145,144,131,129,61,58,56,55,52,51,50,49,48,47,46,41,40,39,38,37,36,35,33,32,31,30,-1,					//234:  【6.6.0】『＋４キャラ』ダークヒーローズ
377,376,325,307,308,261,239,238,237,226,212,199,198,197,196,195,194,153,152,151,150,149,148,147,146,145,61,58,56,55,52,51,50,49,48,47,46,41,40,39,38,37,36,35,33,32,31,30,-1,						//235:  【6.6.0】『支援隊入り』ダークヒーローズ
377,376,325,316,272,271,259,258,257,307,308,199,198,197,153,152,151,150,149,148,147,146,145,61,58,56,55,52,51,50,49,48,47,46,41,40,39,38,37,36,35,33,32,31,30,-1,							//236:  【6.6.0】究極降臨ギガントゼウス
377,376,325,316,272,271,259,258,257,307,308,200,144,131,129,199,198,197,153,152,151,150,149,148,147,146,145,61,58,56,55,52,51,50,49,48,47,46,41,40,39,38,37,36,35,33,32,31,30,-1,					//237:  【6.6.0】『＋４キャラ』究極降臨ギガントゼウス
377,376,325,316,272,271,259,258,257,307,308,239,238,237,199,198,197,153,152,151,150,149,148,147,146,145,61,58,56,55,52,51,50,49,48,47,46,41,40,39,38,37,36,35,33,32,31,30,-1,					//238:  【6.6.0】『支援隊入り』究極降臨ギガントゼウス
377,376,355,325,306,305,304,307,308,199,198,197,153,152,151,150,149,148,147,146,145,61,58,56,55,52,51,50,49,48,47,46,41,40,39,38,37,36,35,33,32,31,30,-1,								//239:  【6.6.0】革命軍隊アイアンウォーズ
377,376,355,325,306,305,304,307,308,200,144,131,129,199,198,197,153,152,151,150,149,148,147,146,145,61,58,56,55,52,51,50,49,48,47,46,41,40,39,38,37,36,35,33,32,31,30,-1,						//240:  【6.6.0】『＋４キャラ』革命軍隊アイアンウォーズ
377,376,355,325,306,305,304,307,308,239,238,237,199,198,197,153,152,151,150,149,148,147,146,145,61,58,56,55,52,51,50,49,48,47,46,41,40,39,38,37,36,35,33,32,31,30,-1,						//241:  【6.6.0】『支援隊入り』革命軍隊アイアンウォーズ
377,376,361,360,359,325,307,308,199,198,197,153,152,151,150,149,148,147,146,145,61,58,56,55,52,51,50,49,48,47,46,41,40,39,38,37,36,35,33,32,31,30,-1,								//242:  【6.6.0】大精霊エレメンタルピクシーズ
377,376,361,360,359,200,144,131,129,325,307,308,199,198,197,153,152,151,150,149,148,147,146,145,61,58,56,55,52,51,50,49,48,47,46,41,40,39,38,37,36,35,33,32,31,30,-1,						//243:  【6.6.0】『＋４キャラ』大精霊エレメンタルピクシーズ
377,376,361,360,359,239,238,237,325,307,308,199,198,197,153,152,151,150,149,148,147,146,145,61,58,56,55,52,51,50,49,48,47,46,41,40,39,38,37,36,35,33,32,31,30,-1,							//244:  【6.6.0】『支援隊入り』大精霊エレメンタルピクシーズ
377,376,325,305,307,308,283,239,238,237,200,144,131,129,212,199,198,197,136,153,152,151,150,149,148,147,146,145,124,105,87,86,76,61,58,56,55,52,51,50,49,48,47,46,43,42,41,40,39,38,37,36,35,33,32,31,30,-1,							//245:  【6.6.0】レッドバスターズ
377,376,325,307,308,286,196,143,135,107,106,84,83,75,59,239,238,237,200,144,131,129,199,198,197,153,152,151,150,149,148,147,146,145,61,58,56,55,52,51,50,49,48,47,46,41,40,39,38,37,36,35,33,32,31,30,-1,							//246:  【6.6.0】エアーバスターズ
377,376,316,261,170,138,57,332,332,332,314,314,314,276,276,276,228,228,228,239,238,237,200,144,131,131,131,129,325,307,308,199,198,197,153,152,151,150,149,148,147,146,145,61,58,56,55,52,51,50,49,48,47,46,41,40,39,38,37,36,35,33,32,31,30,-1,		//247:  【6.6.0】メタルバスターズ
377,376,358,357,336,335,334,325,307,308,199,198,197,153,152,151,150,149,148,147,146,145,61,58,56,55,52,51,50,49,48,47,46,41,40,39,38,37,36,35,33,32,31,30,-1,							//248:  【6.6.0】ガルズモンズ
377,376,358,357,336,335,334,200,144,131,129,325,307,308,199,198,197,153,152,151,150,149,148,147,146,145,61,58,56,55,52,51,50,49,48,47,46,41,40,39,38,37,36,35,33,32,31,30,-1,					//249:  【6.6.0】『＋４キャラ』ガルズモンズ
377,376,358,357,336,335,334,239,238,237,325,307,308,199,198,197,153,152,151,150,149,148,147,146,145,61,58,56,55,52,51,50,49,48,47,46,41,40,39,38,37,36,35,33,32,31,30,-1,						//250:  【6.6.0】『支援隊入り』ガルズモンズ
377,376,338,334,331,316,305,283,261,242,240,230,203,106,85,59,228,228,228,228,228,325,307,308,199,198,197,153,152,151,150,149,148,147,146,145,61,58,56,55,52,51,50,49,48,47,46,41,40,39,38,37,36,35,33,32,31,30,-1,	//251:  【6.6.0】3000万DL記念ガチャ　ウルトラセレクション
377,376,351,336,330,322,310,306,286,257,229,196,171,87,71,42,332,332,332,332,332,325,307,308,199,198,197,153,152,151,150,149,148,147,146,145,61,58,56,55,52,51,50,49,48,47,46,41,40,39,38,37,36,35,33,32,31,30,-1,	//252:  【6.6.0】3000万DL記念ガチャ　ミラクルセレクション
333,306,306,259,259,196,196,137,137,84,84,76,76,71,71,43,43,240,240,377,376,239,238,237,200,144,131,129,325,307,308,199,198,197,153,152,151,150,149,148,147,146,145,61,58,56,55,52,51,50,49,48,47,46,41,40,39,38,37,36,35,33,32,31,30,-1,			//253:  【6.6.0】みんなが選んだ超選抜祭
377,376,361,360,359,355,351,338,325,322,318,316,306,305,304,307,308,272,271,269,34,42,43,44,57,59,71,72,73,75,76,83,84,85,86,87,105,106,107,124,125,134,135,136,137,138,143,158,159,168,169,170,171,177,194,195,196,203,212,226,261,240,257,258,259,200,144,131,129,237,238,239,199,198,197,153,152,151,150,149,148,147,146,145,61,58,56,55,52,51,50,49,48,47,46,41,40,39,38,37,36,35,33,32,31,30,-1,	//254:  【6.6.0】超ネコ祭
378,377,376,361,360,359,355,351,338,333,325,322,316,306,305,304,307,308,272,271,34,42,43,44,57,59,71,72,73,75,76,83,84,85,86,87,105,106,107,124,125,134,135,136,137,138,143,158,159,168,169,170,171,177,194,195,196,203,212,226,261,240,257,258,259,200,144,131,129,237,238,239,199,198,197,153,152,151,150,149,148,147,146,145,61,58,56,55,52,51,50,49,48,47,46,41,40,39,38,37,36,35,33,32,31,30,-1,	//255:  【6.6.0】極ネコ祭
378,361,360,359,355,351,338,333,322,318,316,306,305,304,286,283,269,34,168,169,170,171,240,42,43,44,57,59,143,71,72,73,124,125,158,75,76,105,106,107,159,83,84,85,86,87,177,134,135,136,137,138,203,194,195,196,212,226,261,257,258,259,271,272,-1,																				//256:  【6.6.0】『プラチナガチャ』ver6.6.0まで
377,376,302,230,229,228,228,228,228,325,307,308,199,198,197,153,152,151,150,149,148,147,146,145,61,58,56,55,52,51,50,49,48,47,46,41,40,39,38,37,36,35,33,32,31,30,-1,							//257:  【6.6.0】ハロウィンガチャ
310,243,242,241,377,376,325,307,308,199,198,197,153,152,151,150,149,148,147,146,145,61,58,56,55,52,51,50,49,48,47,46,41,40,39,38,37,36,35,33,32,31,30,-1,								//258:  【6.7.0】クリスマスギャルズ
331,330,332,332,332,332,377,376,325,307,308,199,198,197,153,152,151,150,149,148,147,146,145,61,58,56,55,52,51,50,49,48,47,46,41,40,39,38,37,36,35,33,32,31,30,-1,							//259:  【6.7.0】イースターカーニバル
354,275,274,276,276,276,276,377,376,325,307,308,199,198,197,153,152,151,150,149,148,147,146,145,61,58,56,55,52,51,50,49,48,47,46,41,40,39,38,37,36,35,33,32,31,30,-1,						//260:  【6.7.0】サマーガールズ
380,377,376,361,360,359,355,351,338,325,322,318,316,306,305,304,307,308,272,271,269,34,42,43,44,57,59,71,72,73,75,76,83,84,85,86,87,105,106,107,124,125,134,135,136,137,138,143,158,159,168,169,170,171,177,194,195,196,203,212,226,261,240,257,258,259,200,144,131,129,237,238,239,199,198,197,153,152,151,150,149,148,147,146,145,61,58,56,55,52,51,50,49,48,47,46,41,40,39,38,37,36,35,33,32,31,30,-1,	//261:  【6.7.0】超ネコ祭
331,286,360,355,272,195,134,351,177,338,143,169,314,314,314,314,377,376,325,307,308,199,198,197,153,152,151,150,149,148,147,146,145,61,58,56,55,52,51,50,49,48,47,46,41,40,39,38,37,36,35,33,32,31,30,-1,		//262:  【6.7.0】2017忘年会ガチャ
354,283,359,304,258,226,322,159,84,125,44,168,314,314,314,314,377,376,325,307,308,199,198,197,153,152,151,150,149,148,147,146,145,61,58,56,55,52,51,50,49,48,47,46,41,40,39,38,37,36,35,33,32,31,30,-1,		//263:  【6.7.0】新年ガチャ（2018年ver）
380,378,361,360,359,355,351,338,333,322,318,316,306,305,304,286,283,269,34,168,169,170,171,240,42,43,44,57,59,143,71,72,73,124,125,158,75,76,105,106,107,159,83,84,85,86,87,177,134,135,136,137,138,203,194,195,196,212,226,261,257,258,259,271,272,-1,																			//264:  【6.7.0】『プラチナガチャ』ver6.7.0まで
395,394,393,392,391,390,376,325,308,198,197,149,148,147,146,145,58,56,55,52,51,50,49,48,47,46,41,38,37,-1,														//265:  【6.8.0】実況パワフルプロ野球
396,377,376,325,307,308,199,198,197,177,153,152,151,150,149,148,147,146,145,84,83,87,85,86,61,58,56,55,52,51,50,49,48,47,46,41,40,39,38,37,36,35,33,32,31,30,-1,							//266:  【6.8.0】超破壊大帝ドラゴンエンペラーズ
396,377,376,325,307,308,200,199,198,197,177,153,152,151,150,149,148,147,146,145,144,131,129,84,83,87,85,86,61,58,56,55,52,51,50,49,48,47,46,41,40,39,38,37,36,35,33,32,31,30,-1,					//267:  【6.8.0】『＋４キャラ』超破壊大帝ドラゴンエンペラーズ
396,377,376,325,307,308,239,238,237,199,198,197,177,153,152,151,150,149,148,147,146,145,84,83,87,85,86,61,58,56,55,52,51,50,49,48,47,46,41,40,39,38,37,36,35,33,32,31,30,-1,						//268:  【6.8.0】『支援隊入り』超破壊大帝ドラゴンエンペラーズ
397,377,376,316,261,170,138,57,332,332,332,314,314,314,276,276,276,228,228,228,239,238,237,200,144,131,131,131,129,325,307,308,199,198,197,153,152,151,150,149,148,147,146,145,61,58,56,55,52,51,50,49,48,47,46,41,40,39,38,37,36,35,33,32,31,30,-1,		//269:  【6.8.0】メタルバスターズ
396,380,377,376,361,360,359,355,351,338,325,322,318,316,306,305,304,307,308,272,271,269,34,42,43,44,57,59,71,72,73,75,76,83,84,85,86,87,105,106,107,124,125,134,135,136,137,138,143,158,159,168,169,170,171,177,194,195,196,203,212,226,261,240,257,258,259,200,144,131,129,237,238,239,199,198,197,153,152,151,150,149,148,147,146,145,61,58,56,55,52,51,50,49,48,47,46,41,40,39,38,37,36,35,33,32,31,30,-1,	//270:  【6.8.0】超ネコ祭
396,378,377,376,361,360,359,355,351,338,333,325,322,316,306,305,304,307,308,272,271,34,42,43,44,57,59,71,72,73,75,76,83,84,85,86,87,105,106,107,124,125,134,135,136,137,138,143,158,159,168,169,170,171,177,194,195,196,203,212,226,261,240,257,258,259,200,144,131,129,237,238,239,199,198,197,153,152,151,150,149,148,147,146,145,61,58,56,55,52,51,50,49,48,47,46,41,40,39,38,37,36,35,33,32,31,30,-1,		//271:  【6.8.0】極ネコ祭
396,380,378,361,360,359,355,351,338,333,322,318,316,306,305,304,286,283,269,34,168,169,170,171,240,42,43,44,57,59,143,71,72,73,124,125,158,75,76,105,106,107,159,83,84,85,86,87,177,134,135,136,137,138,203,194,195,196,212,226,261,257,258,259,271,272,-1,																				//272:  【6.8.0】『プラチナガチャ』ver6.8.0まで
397,316,316,261,261,170,170,138,138,57,57,377,376,332,332,332,314,314,314,276,276,276,228,228,228,239,238,237,200,144,131,131,131,129,325,307,308,199,198,197,153,152,151,150,149,148,147,146,145,61,58,56,55,52,51,50,49,48,47,46,41,40,39,38,37,36,35,33,32,31,30,-1,		//273:  【6.8.0】メタルバスターズ
397,380,378,361,360,359,355,351,338,333,322,318,316,306,305,304,286,283,269,34,168,169,170,171,240,42,43,44,57,59,143,71,72,73,124,125,158,75,76,105,106,107,159,83,84,85,86,87,177,134,135,136,137,138,203,194,195,196,212,226,261,257,258,259,271,272,-1,																				//274:  【6.8.0】『プラチナガチャ』ver6.8.0まで
397,396,380,378,361,360,359,355,351,338,333,322,318,316,306,305,304,286,283,269,34,168,169,170,171,240,42,43,44,57,59,143,71,72,73,124,125,158,75,76,105,106,107,159,83,84,85,86,87,177,134,135,136,137,138,203,194,195,196,212,226,261,257,258,259,271,272,-1,																			//275:  【6.8.0】『プラチナガチャ』ver6.8.0まで
401,377,376,361,360,359,325,307,308,199,198,197,153,152,151,150,149,148,147,146,145,61,58,56,55,52,51,50,49,48,47,46,41,40,39,38,37,36,35,33,32,31,30,-1,								//276:  【6.9.0】大精霊エレメンタルピクシーズ
401,377,376,361,360,359,200,144,131,129,325,307,308,199,198,197,153,152,151,150,149,148,147,146,145,61,58,56,55,52,51,50,49,48,47,46,41,40,39,38,37,36,35,33,32,31,30,-1,						//277:  【6.9.0】『＋４キャラ』大精霊エレメンタルピクシーズ
401,377,376,361,360,359,239,238,237,325,307,308,199,198,197,153,152,151,150,149,148,147,146,145,61,58,56,55,52,51,50,49,48,47,46,41,40,39,38,37,36,35,33,32,31,30,-1,						//278:  【6.9.0】『支援隊入り』大精霊エレメンタルピクシーズ
401,396,380,377,376,361,360,359,355,351,338,325,322,318,316,306,305,304,307,308,272,271,269,34,42,43,44,57,59,71,72,73,75,76,83,84,85,86,87,105,106,107,124,125,134,135,136,137,138,143,158,159,168,169,170,171,177,194,195,196,203,212,226,261,240,257,258,259,200,144,131,129,237,238,239,199,198,197,153,152,151,150,149,148,147,146,145,61,58,56,55,52,51,50,49,48,47,46,41,40,39,38,37,36,35,33,32,31,30,-1,		//279:  【6.9.0】超ネコ祭
401,396,378,377,376,361,360,359,355,351,338,333,325,322,316,306,305,304,307,308,272,271,34,42,43,44,57,59,71,72,73,75,76,83,84,85,86,87,105,106,107,124,125,134,135,136,137,138,143,158,159,168,169,170,171,177,194,195,196,203,212,226,261,240,257,258,259,200,144,131,129,237,238,239,199,198,197,153,152,151,150,149,148,147,146,145,61,58,56,55,52,51,50,49,48,47,46,41,40,39,38,37,36,35,33,32,31,30,-1,		//280:  【6.9.0】極ネコ祭
401,397,396,380,378,361,360,359,355,351,338,333,322,318,316,306,305,304,286,283,269,34,168,169,170,171,240,42,43,44,57,59,143,71,72,73,124,125,158,75,76,105,106,107,159,83,84,85,86,87,177,134,135,136,137,138,203,194,195,196,212,226,261,257,258,259,271,272,-1,																				//281:  【6.9.0】『プラチナガチャ』ver6.9.0まで
416,415,414,413,412,411,411,410,410,409,409,408,408,408,408,407,407,407,407,406,406,406,406,377,376,325,307,308,199,198,197,153,152,151,150,149,148,147,146,145,61,58,56,55,52,51,50,49,48,47,46,41,40,39,38,37,36,35,33,32,31,30,-1,						//282:  【6.10.0】エヴァンゲリオン
417,377,376,355,325,306,305,304,307,308,199,198,197,153,152,151,150,149,148,147,146,145,61,58,56,55,52,51,50,49,48,47,46,41,40,39,38,37,36,35,33,32,31,30,-1,							//283:  【6.10.0】革命軍隊アイアンウォーズ
417,377,376,355,325,306,305,304,307,308,200,144,131,129,199,198,197,153,152,151,150,149,148,147,146,145,61,58,56,55,52,51,50,49,48,47,46,41,40,39,38,37,36,35,33,32,31,30,-1,					//284:  【6.10.0】『＋４キャラ』革命軍隊アイアンウォーズ
417,377,376,355,325,306,305,304,307,308,239,238,237,199,198,197,153,152,151,150,149,148,147,146,145,61,58,56,55,52,51,50,49,48,47,46,41,40,39,38,37,36,35,33,32,31,30,-1,						//285:  【6.10.0】『支援隊入り』革命軍隊アイアンウォーズ
417,401,396,380,377,376,361,360,359,355,351,338,325,322,318,316,306,305,304,307,308,272,271,269,34,42,43,44,57,59,71,72,73,75,76,83,84,85,86,87,105,106,107,124,125,134,135,136,137,138,143,158,159,168,169,170,171,177,194,195,196,203,212,226,261,240,257,258,259,200,144,131,129,237,238,239,199,198,197,153,152,151,150,149,148,147,146,145,61,58,56,55,52,51,50,49,48,47,46,41,40,39,38,37,36,35,33,32,31,30,-1,	//286:  【6.10.0】超ネコ祭
417,401,396,378,377,376,361,360,359,355,351,338,333,325,322,316,306,305,304,307,308,272,271,34,42,43,44,57,59,71,72,73,75,76,83,84,85,86,87,105,106,107,124,125,134,135,136,137,138,143,158,159,168,169,170,171,177,194,195,196,203,212,226,261,240,257,258,259,200,144,131,129,237,238,239,199,198,197,153,152,151,150,149,148,147,146,145,61,58,56,55,52,51,50,49,48,47,46,41,40,39,38,37,36,35,33,32,31,30,-1,		//287:  【6.10.0】極ネコ祭
417,401,397,396,380,378,361,360,359,355,351,338,333,322,318,316,306,305,304,286,283,269,34,168,169,170,171,240,42,43,44,57,59,143,71,72,73,124,125,158,75,76,105,106,107,159,83,84,85,86,87,177,134,135,136,137,138,203,194,195,196,212,226,261,257,258,259,271,272,-1,																			//288:  【6.40.0】『プラチナガチャ』ver6.10.0まで
427,377,376,325,307,308,199,198,197,153,152,151,150,149,148,147,146,145,143,59,57,44,43,42,61,58,56,55,52,51,50,49,48,47,46,41,40,39,38,37,36,35,33,32,31,30,-1,							//289:  【7.0.0】超激ダイナマイツセット
427,377,376,325,307,308,200,199,198,197,153,152,151,150,149,148,147,146,145,144,143,131,129,59,57,44,43,42,61,58,56,55,52,51,50,49,48,47,46,41,40,39,38,37,36,35,33,32,31,30,-1,					//290:  【7.0.0】『＋４キャラ』超激ダイナマイツ
427,377,376,325,307,308,239,238,237,199,198,197,153,152,151,150,149,148,147,146,145,143,59,57,44,43,42,61,58,56,55,52,51,50,49,48,47,46,41,40,39,38,37,36,35,33,32,31,30,-1,						//291:  【7.0.0】『支援隊入り』超激ダイナマイツ
427,417,401,396,380,377,376,361,360,359,355,351,338,325,322,318,316,306,305,304,307,308,272,271,269,34,42,43,44,57,59,71,72,73,75,76,83,84,85,86,87,105,106,107,124,125,134,135,136,137,138,143,158,159,168,169,170,171,177,194,195,196,203,212,226,261,240,257,258,259,200,144,131,129,237,238,239,199,198,197,153,152,151,150,149,148,147,146,145,61,58,56,55,52,51,50,49,48,47,46,41,40,39,38,37,36,35,33,32,31,30,-1,	//292:  【7.0.0】超ネコ祭
427,417,401,396,378,377,376,361,360,359,355,351,338,333,325,322,316,306,305,304,307,308,272,271,34,42,43,44,57,59,71,72,73,75,76,83,84,85,86,87,105,106,107,124,125,134,135,136,137,138,143,158,159,168,169,170,171,177,194,195,196,203,212,226,261,240,257,258,259,200,144,131,129,237,238,239,199,198,197,153,152,151,150,149,148,147,146,145,61,58,56,55,52,51,50,49,48,47,46,41,40,39,38,37,36,35,33,32,31,30,-1,	//293:  【7.0.0】極ネコ祭
427,417,401,397,396,380,378,361,360,359,355,351,338,333,322,318,316,306,305,304,286,283,269,34,168,169,170,171,240,42,43,44,57,59,143,71,72,73,124,125,158,75,76,105,106,107,159,83,84,85,86,87,177,134,135,136,137,138,203,194,195,196,212,226,261,257,258,259,271,272,-1,																			//294:  【7.0.0】『プラチナガチャ』ver7.0.0まで
341,270,180,429,429,429,429,429,429,429,429,428,428,428,428,428,428,428,428,428,428,428,377,376,325,307,308,199,198,197,153,152,151,150,149,148,147,146,145,61,58,56,55,52,51,50,49,48,47,46,41,40,39,38,37,36,35,33,32,31,30,-1,				//295:  【7.1.0】消滅都市2
430,350,349,349,349,349,349,349,349,349,349,349,348,348,348,348,348,348,348,348,348,348,348,377,376,325,307,308,200,199,198,197,153,152,151,150,149,148,147,146,145,144,131,129,61,58,56,55,52,51,50,49,48,47,46,41,40,39,38,37,36,35,33,32,31,30,-1,	//296:  【7.1.0】『＋４キャラ』ぐでたま
430,350,349,349,349,349,349,349,349,349,349,349,348,348,348,348,348,348,348,348,348,348,348,377,376,325,307,308,239,238,237,199,198,197,153,152,151,150,149,148,147,146,145,61,58,56,55,52,51,50,49,48,47,46,41,40,39,38,37,36,35,33,32,31,30,-1,		//297:  【7.1.0】『支援隊入り』ぐでたま
431,377,376,325,307,308,261,226,212,199,198,197,196,195,194,153,152,151,150,149,148,147,146,145,61,58,56,55,52,51,50,49,48,47,46,41,40,39,38,37,36,35,33,32,31,30,-1,							//298:  【7.1.0】ダークヒーローズ
431,377,376,325,307,308,261,226,212,200,199,198,197,196,195,194,153,152,151,150,149,148,147,146,145,144,131,129,61,58,56,55,52,51,50,49,48,47,46,41,40,39,38,37,36,35,33,32,31,30,-1,					//299:  【7.1.0】『＋４キャラ』ダークヒーローズ
431,377,376,325,307,308,261,239,238,237,226,212,199,198,197,196,195,194,153,152,151,150,149,148,147,146,145,61,58,56,55,52,51,50,49,48,47,46,41,40,39,38,37,36,35,33,32,31,30,-1,					//300:  【7.1.0】『支援隊入り』ダークヒーローズ
431,427,417,401,396,380,377,376,361,360,359,355,351,338,325,322,318,316,306,305,304,307,308,272,271,269,34,42,43,44,57,59,71,72,73,75,76,83,84,85,86,87,105,106,107,124,125,134,135,136,137,138,143,158,159,168,169,170,171,177,194,195,196,203,212,226,261,240,257,258,259,200,144,131,129,237,238,239,199,198,197,153,152,151,150,149,148,147,146,145,61,58,56,55,52,51,50,49,48,47,46,41,40,39,38,37,36,35,33,32,31,30,-1,	//301:  【7.1.0】超ネコ祭
431,427,417,401,396,378,377,376,361,360,359,355,351,338,333,325,322,316,306,305,304,307,308,272,271,34,42,43,44,57,59,71,72,73,75,76,83,84,85,86,87,105,106,107,124,125,134,135,136,137,138,143,158,159,168,169,170,171,177,194,195,196,203,212,226,261,240,257,258,259,200,144,131,129,237,238,239,199,198,197,153,152,151,150,149,148,147,146,145,61,58,56,55,52,51,50,49,48,47,46,41,40,39,38,37,36,35,33,32,31,30,-1,		//302:  【7.1.0】極ネコ祭
431,427,417,401,397,396,380,378,361,360,359,355,351,338,333,322,318,316,306,305,304,286,283,269,34,168,169,170,171,240,42,43,44,57,59,143,71,72,73,124,125,158,75,76,105,106,107,159,83,84,85,86,87,177,134,135,136,137,138,203,194,195,196,212,226,261,257,258,259,271,272,-1,																			//303:  【7.1.0】『プラチナガチャ』ver7.1.0まで


(ユニット)
//注意!!ユニットの番号ではなく画像番号なので注意!!NO.がひとつ少ない。
//ネコカンで回す	or レアガチャチケット
//-1の後は自動的に-1がすべて入る。(-1は存在しないと意味です。)
//0:ネコ
//1:タンクネコ～
//52,51,50,49,48,47,46,44,43,42,41,40,39,38,37,36,35,34,33,32,31,30,-1,	ALLセット(ユニット)

//追加
//-1,の後に追加
//0:基本ガチャ
//1:ダイナマイツガチャ
//2:バサラーズガチャ
//3:ギャラクシーギャルズ
//4:ドラゴンエンペラーズ
//5：レッドバスターズ
//6：ウルトラソウルズ
//…　現在は無し
//16:スペシャル
//17:コラボガチャ